Iteration,p(0.05),p(0.1),p(0.3),p(0.6),p(0.75),p(0.8),p(0.95)
0,4.99,9.77,30.01,60.02,75.45,80.53,95.09
1,0.94,4.73,34.06,16.48,3.62,1.93,0.12
2,0.69,3.65,28.87,14.14,1.77,0.85,0
3,0.59,3.51,27.79,13.71,1.44,0.62,0
4,0.59,3.32,26.05,12.85,1.22,0.58,0
5,0.51,3.19,24.57,12.75,1.19,0.53,0
6,0.51,3.09,23.41,12.84,1.19,0.49,0
7,0.47,3.25,22.43,12.8,1.23,0.48,0
8,0.43,3.13,21.35,12.46,1.22,0.49,0
9,0.44,3.19,20.64,12.44,1.35,0.48,0
10,0.44,3.15,19.58,12.46,1.3,0.48,0
11,0.44,3.23,19.23,12.89,1.3,0.5,0
12,0.44,3.41,18.57,12.68,1.32,0.5,0
13,0.44,3.53,18.88,12.47,1.28,0.54,0
14,0.44,3.54,18.28,12.02,1.32,0.54,0
15,0.44,3.49,18.35,12.08,1.31,0.62,0
16,0.44,3.2,17.56,11.92,1.32,0.54,0
17,0.44,3.23,17.76,12.15,1.45,0.53,0
18,0.44,3.26,17.5,11.47,1.29,0.51,0
19,0.44,2.78,17.63,11.69,1.32,0.51,0
20,0.44,2.65,16.99,11.51,1.23,0.51,0
21,0.44,2.54,16.82,11.45,1.19,0.51,0
22,0.44,2.58,16.91,11.08,1.17,0.51,0
23,0.44,2.7,16.96,11.06,1.18,0.51,0
24,0.44,2.73,16.95,11.02,1.21,0.51,0
25,0.44,2.78,16.25,10.89,1.23,0.51,0
26,0.44,2.93,15.92,10.56,1.22,0.51,0
27,0.44,2.9,16.38,10.48,1.23,0.51,0
28,0.44,2.86,15.32,10.79,1.32,0.51,0
29,0.44,2.96,15.36,10.52,1.31,0.51,0
30,0.44,2.62,15.43,10.73,1.39,0.51,0
31,0.44,2.75,15.79,10.3,1.29,0.51,0
32,0.44,2.56,15.3,10.42,1.28,0.51,0
33,0.44,2.52,15.61,10.72,1.32,0.51,0
34,0.44,2.58,14.71,10.35,1.35,0.51,0
35,0.44,2.62,14.58,10.35,1.37,0.51,0
36,0.44,2.65,14.17,10.85,1.48,0.51,0
37,0.44,2.6,14.53,10.7,1.34,0.51,0
38,0.44,2.7,13.46,10.81,1.49,0.51,0
39,0.44,2.74,13.28,11.13,1.41,0.51,0
40,0.44,2.67,13.51,10.77,1.51,0.51,0
41,0.44,2.8,13.58,11.16,1.37,0.51,0
42,0.44,2.7,13.66,10.75,1.3,0.51,0
43,0.44,2.94,13.83,10.89,1.3,0.51,0
44,0.44,2.86,13.63,10.9,1.31,0.51,0
45,0.44,3.1,13.17,11.06,1.26,0.51,0
46,0.44,3,12.74,10.59,1.24,0.51,0
47,0.44,3.19,12.65,10.36,1.24,0.51,0
48,0.44,3.02,12.62,10.17,1.28,0.51,0
49,0.44,3.15,12.35,10.79,1.26,0.51,0
50,0.44,3.05,11.6,10.87,1.29,0.51,0
51,0.44,3.19,11.71,10.65,1.2,0.51,0
52,0.44,3.18,11.96,10.29,1.12,0.51,0
53,0.44,3.19,12.27,10.13,1.12,0.51,0
54,0.44,3.05,12.44,10.57,1.12,0.51,0
55,0.44,2.98,11.99,10.75,1.12,0.51,0
56,0.44,3.21,12.63,11.03,1.12,0.51,0
57,0.44,3.08,12.2,10.6,1.12,0.51,0
58,0.44,3.11,12.61,10.54,1.12,0.51,0
59,0.44,3.16,11.7,10.9,1.12,0.51,0
60,0.44,3.3,12.07,10.94,1.12,0.51,0
61,0.44,3.25,11.79,10.67,1.12,0.51,0
62,0.44,3.35,11.46,11.48,1.12,0.51,0
63,0.44,3.33,11.31,10.96,1.12,0.51,0
64,0.44,3.18,11.65,11.22,1.12,0.51,0
65,0.44,3.15,11.53,11.33,1.12,0.51,0
66,0.44,3.27,11.34,11.73,1.12,0.51,0
67,0.44,3.1,11.51,10.99,1.12,0.51,0
68,0.44,3.21,11.5,11.05,1.12,0.51,0
69,0.44,3.14,11.22,10.9,1.12,0.51,0
70,0.44,3.04,11.39,10.81,1.12,0.51,0
71,0.44,3.17,11.76,10.61,1.12,0.51,0
72,0.44,3.36,11.54,10.17,1.12,0.51,0
73,0.44,3.25,12,10.11,1.12,0.51,0
74,0.44,3.31,11.55,10.22,1.12,0.51,0
75,0.44,3.3,12.23,9.77,1.12,0.51,0
76,0.44,3.55,12.26,10.15,1.12,0.51,0
77,0.44,3.41,11.61,9.77,1.12,0.51,0
78,0.44,3.44,11.56,9.84,1.12,0.51,0
79,0.44,3.61,11.64,9.32,1.12,0.51,0
80,0.44,3.59,12.41,9.4,1.12,0.51,0
81,0.44,3.78,11.88,9.26,1.12,0.51,0
82,0.44,3.69,12.03,8.89,1.12,0.51,0
83,0.44,3.89,12.14,9.19,1.12,0.51,0
84,0.44,3.54,12.5,9.2,1.12,0.51,0
85,0.44,3.57,12.76,9.22,1.12,0.51,0
86,0.44,3.58,12.62,8.84,1.12,0.51,0
87,0.44,3.6,12.88,9.1,1.12,0.51,0
88,0.44,3.72,12.04,8.86,1.12,0.51,0
89,0.44,3.55,12.27,8.45,1.12,0.51,0
90,0.44,3.53,12.12,8.46,1.12,0.51,0
91,0.44,3.52,12.08,8.71,1.12,0.51,0
92,0.44,3.13,12.04,8.53,1.12,0.51,0
93,0.44,3.32,11.7,8.71,1.12,0.51,0
94,0.44,3.3,11.69,8.81,1.12,0.51,0
95,0.44,3.4,11.7,8.94,1.12,0.51,0
96,0.44,3.36,11.47,8.65,1.12,0.51,0
97,0.44,3.52,11.02,8.49,1.12,0.51,0
98,0.44,3.17,11.07,8.05,1.12,0.51,0
99,0.44,3.24,11,7.84,1.12,0.51,0
100,0.44,3,11.3,8.08,1.12,0.51,0
101,0.44,3.09,11.8,8.26,1.12,0.51,0
102,0.44,3.03,11.07,8.13,1.12,0.51,0
103,0.44,3.09,11.83,8.3,1.12,0.51,0
104,0.44,2.99,11.38,8.08,1.12,0.51,0
105,0.44,3.16,11.44,7.86,1.12,0.51,0
106,0.44,2.96,10.6,7.67,1.12,0.51,0
107,0.44,2.94,11.15,7.62,1.12,0.51,0
108,0.44,2.87,11,7.61,1.12,0.51,0
109,0.44,2.87,11.15,7.33,1.12,0.51,0
110,0.44,2.88,11.1,7.81,1.12,0.51,0
111,0.44,2.81,10.97,7.74,1.12,0.51,0
112,0.44,3,10.97,7.79,1.12,0.51,0
113,0.44,2.84,10.99,7.9,1.12,0.51,0
114,0.44,2.85,10.62,8.07,1.12,0.51,0
115,0.44,2.73,10.74,7.94,1.12,0.51,0
116,0.44,2.94,10.76,7.52,1.12,0.51,0
117,0.44,2.89,10.44,7.53,1.12,0.51,0
118,0.44,3.08,10.62,7.66,1.12,0.51,0
119,0.44,3,10.59,8.09,1.12,0.51,0
120,0.44,3.01,9.93,7.79,1.12,0.51,0
121,0.44,2.94,10.09,8.33,1.12,0.51,0
122,0.44,3.09,9.6,7.96,1.12,0.51,0
123,0.44,3.22,9.65,8.08,1.12,0.51,0
124,0.44,3.32,9.51,8.04,1.12,0.51,0
125,0.44,3.25,9.86,8.17,1.12,0.51,0
126,0.44,3.51,9.79,7.92,1.12,0.51,0
127,0.44,3.44,9.44,7.94,1.12,0.51,0
128,0.44,3.37,9.27,7.65,1.12,0.51,0
129,0.44,3.82,9.1,7.3,1.12,0.51,0
130,0.44,3.59,8.84,7.52,1.12,0.51,0
131,0.44,3.78,9.09,7.29,1.12,0.51,0
132,0.44,3.6,8.54,7.04,1.12,0.51,0
133,0.44,3.69,8.79,6.8,1.12,0.51,0
134,0.44,3.74,8.71,6.44,1.12,0.51,0
135,0.44,3.74,8.81,6.37,1.12,0.51,0
136,0.44,4.13,8.86,6.14,1.12,0.51,0
137,0.44,3.67,9.02,6.14,1.12,0.51,0
138,0.44,3.89,9.21,6.05,1.12,0.51,0
139,0.44,3.66,9.73,5.77,1.12,0.51,0
140,0.44,3.65,10.1,5.91,1.12,0.51,0
141,0.44,3.71,9.8,6.06,1.12,0.51,0
142,0.44,3.72,9.66,5.98,1.12,0.51,0
143,0.44,3.56,9.32,6.34,1.12,0.51,0
144,0.44,3.65,9.16,6.29,1.12,0.51,0
145,0.44,3.71,9.24,6.55,1.12,0.51,0
146,0.44,3.97,8.9,6.62,1.12,0.51,0
147,0.44,3.65,8.31,6.45,1.12,0.51,0
148,0.44,3.8,8.2,6.34,1.12,0.51,0
149,0.44,3.77,8.43,6.41,1.12,0.51,0
150,0.44,3.78,8.8,6.19,1.12,0.51,0
151,0.44,3.77,8.25,6.1,1.12,0.51,0
152,0.44,3.6,7.92,6.18,1.12,0.51,0
153,0.44,3.61,8.26,5.76,1.12,0.51,0
154,0.44,3.51,8.26,5.94,1.12,0.51,0
155,0.44,3.54,8.32,5.97,1.12,0.51,0
156,0.44,3.5,8.46,6.03,1.12,0.51,0
157,0.44,3.54,7.94,5.89,1.12,0.51,0
158,0.44,3.75,8.13,5.94,1.12,0.51,0
159,0.44,3.6,7.87,5.79,1.12,0.51,0
160,0.44,3.65,8.15,5.48,1.12,0.51,0
161,0.44,3.55,7.98,5.39,1.12,0.51,0
162,0.44,3.57,8.35,5.52,1.12,0.51,0
163,0.44,3.59,7.84,5.49,1.12,0.51,0
164,0.44,3.74,8.36,5.56,1.12,0.51,0
165,0.44,3.51,7.82,5.37,1.12,0.51,0
166,0.44,3.44,7.83,5.32,1.12,0.51,0
167,0.44,3.63,7.56,5.31,1.12,0.51,0
168,0.44,3.35,7.97,5.66,1.12,0.51,0
169,0.44,3.55,8.04,5.65,1.12,0.51,0
170,0.44,3.44,7.83,5.34,1.12,0.51,0
171,0.44,3.49,8,5.34,1.12,0.51,0
172,0.44,3.65,7.56,5.46,1.12,0.51,0
173,0.44,3.55,7.55,5.61,1.12,0.51,0
174,0.44,3.66,7.42,5.43,1.12,0.51,0
175,0.44,3.6,7.79,5.26,1.12,0.51,0
176,0.44,3.55,7.63,5.35,1.12,0.51,0
177,0.44,3.39,7.98,5.08,1.12,0.51,0
178,0.44,3.38,7.36,4.97,1.12,0.51,0
179,0.44,3.48,7.53,4.69,1.12,0.51,0
180,0.44,3.39,7.38,4.74,1.12,0.51,0
181,0.44,3.27,7.16,4.6,1.12,0.51,0
182,0.44,3.36,7.19,5.02,1.12,0.51,0
183,0.44,3.2,7.2,4.86,1.12,0.51,0
184,0.44,3.36,7.24,5.07,1.12,0.51,0
185,0.44,3.37,7.1,5.01,1.12,0.51,0
186,0.44,3.4,7.23,4.97,1.12,0.51,0
187,0.44,3.58,7.42,4.85,1.12,0.51,0
188,0.44,3.45,7.42,4.87,1.12,0.51,0
189,0.44,3.46,7.24,4.86,1.12,0.51,0
190,0.44,3.76,6.83,5.14,1.12,0.51,0
191,0.44,3.5,6.7,5.11,1.12,0.51,0
192,0.44,3.8,6.89,5.01,1.12,0.51,0
193,0.44,3.73,6.48,5.21,1.12,0.51,0
194,0.44,4.16,6.35,5.18,1.12,0.51,0
195,0.44,3.78,6.46,4.9,1.12,0.51,0
196,0.44,3.71,6.37,4.97,1.12,0.51,0
197,0.44,3.5,6.5,5.1,1.12,0.51,0
198,0.44,3.65,6.7,4.96,1.12,0.51,0
199,0.44,3.34,6.77,5.06,1.12,0.51,0
200,0.44,3.34,6.57,5.02,1.12,0.51,0
201,0.44,3.35,6.95,5.3,1.12,0.51,0
202,0.44,3.35,6.85,5.13,1.12,0.51,0
203,0.44,3.29,7.05,5.1,1.12,0.51,0
204,0.44,3.27,7.26,5.51,1.12,0.51,0
205,0.44,3.18,7.48,5.31,1.12,0.51,0
206,0.44,3.18,7.61,5.21,1.12,0.51,0
207,0.44,3.21,7.36,5.19,1.12,0.51,0
208,0.44,3.09,7.38,5.08,1.12,0.51,0
209,0.44,3.12,7.06,5.05,1.12,0.51,0
210,0.44,3.06,6.78,4.99,1.12,0.51,0
211,0.44,3.15,6.77,5.15,1.12,0.51,0
212,0.44,3.19,6.87,4.91,1.12,0.51,0
213,0.44,3.06,6.88,4.93,1.12,0.51,0
214,0.44,3.18,6.42,4.97,1.12,0.51,0
215,0.44,3.12,6.86,4.98,1.12,0.51,0
216,0.44,3.06,6.41,5.09,1.12,0.51,0
217,0.44,3.01,6.12,4.97,1.12,0.51,0
218,0.44,3.08,5.82,4.98,1.12,0.51,0
219,0.44,3.05,6.21,4.89,1.12,0.51,0
220,0.44,3.01,6.03,5,1.12,0.51,0
221,0.44,3.01,6.19,5.03,1.12,0.51,0
222,0.44,3.09,5.93,4.94,1.12,0.51,0
223,0.44,2.92,5.87,5.27,1.12,0.51,0
224,0.44,2.98,5.89,4.89,1.12,0.51,0
225,0.44,2.85,5.8,4.7,1.12,0.51,0
226,0.44,2.8,5.85,4.82,1.12,0.51,0
227,0.44,2.8,5.59,4.87,1.12,0.51,0
228,0.44,2.85,5.88,4.71,1.12,0.51,0
229,0.44,2.98,5.63,5.04,1.12,0.51,0
230,0.44,2.93,5.89,4.77,1.12,0.51,0
231,0.44,3.09,5.37,4.87,1.12,0.51,0
232,0.44,2.96,5.18,5.15,1.12,0.51,0
233,0.44,2.85,5.5,5.01,1.12,0.51,0
234,0.44,2.87,5.35,5.01,1.12,0.51,0
235,0.44,2.91,5.71,4.95,1.12,0.51,0
236,0.44,2.85,5.34,4.55,1.12,0.51,0
237,0.44,2.89,5.65,4.54,1.12,0.51,0
238,0.44,2.86,5.41,4.6,1.12,0.51,0
239,0.44,2.92,5.56,4.62,1.12,0.51,0
240,0.44,2.94,5.39,4.61,1.12,0.51,0
241,0.44,3.01,5.59,4.79,1.12,0.51,0
242,0.44,2.98,5.41,4.68,1.12,0.51,0
243,0.44,3.02,5.68,4.77,1.12,0.51,0
244,0.44,3.09,5.72,4.67,1.12,0.51,0
245,0.44,3.02,5.33,4.78,1.12,0.51,0
246,0.44,3.21,5.72,4.8,1.12,0.51,0
247,0.44,3.03,5.65,4.71,1.12,0.51,0
248,0.44,3.18,5.7,4.52,1.12,0.51,0
249,0.44,3.06,6.11,4.56,1.12,0.51,0
250,0.44,3.15,6.08,4.51,1.12,0.51,0
251,0.44,3.05,6.16,4.63,1.12,0.51,0
252,0.44,3.11,6.2,4.51,1.12,0.51,0
253,0.44,2.98,6.39,4.58,1.12,0.51,0
254,0.44,2.97,6.29,4.57,1.12,0.51,0
255,0.44,2.99,6.66,4.66,1.12,0.51,0
256,0.44,3.03,6.3,4.49,1.12,0.51,0
257,0.44,3.08,6.66,4.86,1.12,0.51,0
258,0.44,3.08,6.41,4.74,1.12,0.51,0
259,0.44,2.95,6.41,4.69,1.12,0.51,0
260,0.44,2.91,6.27,4.45,1.12,0.51,0
261,0.44,3,6.4,4.83,1.12,0.51,0
262,0.44,3.03,6.01,4.69,1.12,0.51,0
263,0.44,3.04,5.77,4.74,1.12,0.51,0
264,0.44,3.19,6.11,4.89,1.12,0.51,0
265,0.44,3.16,6.09,4.52,1.12,0.51,0
266,0.44,3.29,5.92,4.48,1.12,0.51,0
267,0.44,3.26,5.62,4.3,1.12,0.51,0
268,0.44,3.3,5.74,4.09,1.12,0.51,0
269,0.44,3.11,5.43,3.96,1.12,0.51,0
270,0.44,3.02,5.73,3.89,1.12,0.51,0
271,0.44,2.99,5.6,3.83,1.12,0.51,0
272,0.44,2.98,5.84,3.71,1.12,0.51,0
273,0.44,3.01,5.92,3.84,1.12,0.51,0
274,0.44,3.01,6.08,3.97,1.12,0.51,0
275,0.44,2.96,5.8,4.15,1.12,0.51,0
276,0.44,3.05,5.98,4.21,1.12,0.51,0
277,0.44,3.04,6.07,4.05,1.12,0.51,0
278,0.44,3.18,6.24,4.19,1.12,0.51,0
279,0.44,3.15,6.24,4.16,1.12,0.51,0
280,0.44,3.22,6,4.37,1.12,0.51,0
281,0.44,3.29,6.32,4.24,1.12,0.51,0
282,0.44,3.36,6.24,4.14,1.12,0.51,0
283,0.44,3.11,6.28,4.08,1.12,0.51,0
284,0.44,3.15,6.35,4.16,1.12,0.51,0
285,0.44,3.18,6.57,4.12,1.12,0.51,0
286,0.44,3.14,6.54,4.34,1.12,0.51,0
287,0.44,3.21,6.42,4.44,1.12,0.51,0
288,0.44,3.11,6.49,4.52,1.12,0.51,0
289,0.44,3.14,6.71,4.6,1.12,0.51,0
290,0.44,3.14,6.78,4.81,1.12,0.51,0
291,0.44,3.14,6.8,4.86,1.12,0.51,0
292,0.44,3.13,6.93,4.81,1.12,0.51,0
293,0.44,3.13,6.81,4.86,1.12,0.51,0
294,0.44,3.11,6.79,4.84,1.12,0.51,0
295,0.44,3.05,6.63,4.7,1.12,0.51,0
296,0.44,3.07,6.66,4.81,1.12,0.51,0
297,0.44,3.18,6.62,4.94,1.12,0.51,0
298,0.44,3.13,6.47,4.96,1.12,0.51,0
299,0.44,3.12,6.36,4.89,1.12,0.51,0
300,0.44,3.2,6.29,4.68,1.12,0.51,0
301,0.44,3.13,6.12,5.1,1.12,0.51,0
302,0.44,3.16,6.52,4.9,1.12,0.51,0
303,0.44,3.2,6.32,4.95,1.12,0.51,0
304,0.44,3.3,6.19,4.83,1.12,0.51,0
305,0.44,3.32,5.99,4.69,1.12,0.51,0
306,0.44,3.32,6.21,4.36,1.12,0.51,0
307,0.44,3.36,6.17,4.38,1.12,0.51,0
308,0.44,3.4,6.46,4.18,1.12,0.51,0
309,0.44,3.24,6.38,4.24,1.12,0.51,0
310,0.44,3.3,6.41,4.21,1.12,0.51,0
311,0.44,3.19,6.55,4.38,1.12,0.51,0
312,0.44,3.09,6.33,4.32,1.12,0.51,0
313,0.44,3.13,6.23,4.28,1.12,0.51,0
314,0.44,3.25,5.86,4.22,1.12,0.51,0
315,0.44,3.18,5.84,4.07,1.12,0.51,0
316,0.44,3.3,6.15,4.13,1.12,0.51,0
317,0.44,3.17,5.67,3.94,1.12,0.51,0
318,0.44,3.18,5.65,4.09,1.12,0.51,0
319,0.44,3.15,5.63,4.03,1.12,0.51,0
320,0.44,3.25,5.01,3.99,1.12,0.51,0
321,0.44,3.14,5.11,3.93,1.12,0.51,0
322,0.44,3.31,4.95,4.16,1.12,0.51,0
323,0.44,3.35,5.05,3.99,1.12,0.51,0
324,0.44,3.25,4.96,4,1.12,0.51,0
325,0.44,3.12,4.93,3.95,1.12,0.51,0
326,0.44,3.27,5.13,4,1.12,0.51,0
327,0.44,3.17,5.19,3.89,1.12,0.51,0
328,0.44,3.28,5.26,3.8,1.12,0.51,0
329,0.44,3.33,5.03,3.78,1.12,0.51,0
330,0.44,3.43,5.21,3.8,1.12,0.51,0
331,0.44,3.51,5.2,3.75,1.12,0.51,0
332,0.44,3.48,5.29,3.62,1.12,0.51,0
333,0.44,3.64,5.56,3.68,1.12,0.51,0
334,0.44,3.59,5.85,3.69,1.12,0.51,0
335,0.44,3.53,5.33,3.98,1.12,0.51,0
336,0.44,3.62,5.62,3.71,1.12,0.51,0
337,0.44,3.71,5.46,3.88,1.12,0.51,0
338,0.44,3.63,5.44,3.85,1.12,0.51,0
339,0.44,3.72,5.69,4.02,1.12,0.51,0
340,0.44,3.68,5.7,3.93,1.12,0.51,0
341,0.44,3.9,5.44,4.26,1.12,0.51,0
342,0.44,3.84,5.79,3.81,1.12,0.51,0
343,0.44,3.92,5.59,3.8,1.12,0.51,0
344,0.44,3.76,5.37,3.64,1.12,0.51,0
345,0.44,3.84,5.28,3.63,1.12,0.51,0
346,0.44,3.7,5.39,3.54,1.12,0.51,0
347,0.44,3.75,5.36,3.8,1.12,0.51,0
348,0.44,3.7,5.11,3.6,1.12,0.51,0
349,0.44,3.6,5.12,3.67,1.12,0.51,0
350,0.44,3.51,4.98,3.7,1.12,0.51,0
351,0.44,3.4,5.15,3.84,1.12,0.51,0
352,0.44,3.42,5.11,3.7,1.12,0.51,0
353,0.44,3.29,4.92,3.74,1.12,0.51,0
354,0.44,3.34,4.74,3.62,1.12,0.51,0
355,0.44,3.26,4.83,3.87,1.12,0.51,0
356,0.44,3.29,4.6,3.59,1.12,0.51,0
357,0.44,3.25,4.63,3.66,1.12,0.51,0
358,0.44,3.3,4.52,3.56,1.12,0.51,0
359,0.44,3.28,4.57,3.69,1.12,0.51,0
360,0.44,3.36,4.76,3.52,1.12,0.51,0
361,0.44,3.26,4.77,3.58,1.12,0.51,0
362,0.44,3.51,4.7,3.76,1.12,0.51,0
363,0.44,3.34,4.42,3.79,1.12,0.51,0
364,0.44,3.67,4.81,3.72,1.12,0.51,0
365,0.44,3.53,4.72,3.72,1.12,0.51,0
366,0.44,3.85,4.66,3.86,1.12,0.51,0
367,0.44,3.68,4.79,3.7,1.12,0.51,0
368,0.44,3.95,4.72,3.94,1.12,0.51,0
369,0.44,3.57,4.84,3.74,1.12,0.51,0
370,0.44,3.57,4.62,3.74,1.12,0.51,0
371,0.44,3.69,4.59,3.83,1.12,0.51,0
372,0.44,3.73,4.44,3.83,1.12,0.51,0
373,0.44,3.8,4.37,4.06,1.12,0.51,0
374,0.44,3.63,4.4,4.12,1.12,0.51,0
375,0.44,3.74,4.36,4.26,1.12,0.51,0
376,0.44,3.51,4.35,4.38,1.12,0.51,0
377,0.44,3.58,4.43,4.56,1.12,0.51,0
378,0.44,3.43,4.59,4.33,1.12,0.51,0
379,0.44,3.66,4.36,4.62,1.12,0.51,0
380,0.44,3.5,4.61,4.33,1.12,0.51,0
381,0.44,3.51,4.29,4.29,1.12,0.51,0
382,0.44,3.46,4.34,4.47,1.12,0.51,0
383,0.44,3.4,4.29,4.32,1.12,0.51,0
384,0.44,3.37,4.37,4.55,1.12,0.51,0
385,0.44,3.31,4.29,4.45,1.12,0.51,0
386,0.44,3.38,4.25,4.51,1.12,0.51,0
387,0.44,3.37,4.23,4.5,1.12,0.51,0
388,0.44,3.49,4.12,4.39,1.12,0.51,0
389,0.44,3.52,3.93,4.38,1.12,0.51,0
390,0.44,3.52,4.09,4.39,1.12,0.51,0
391,0.44,3.52,3.7,4.27,1.12,0.51,0
392,0.44,3.51,3.8,4.57,1.12,0.51,0
393,0.44,3.51,3.8,4.3,1.12,0.51,0
394,0.44,3.72,4,4.57,1.12,0.51,0
395,0.44,3.76,4.01,4.41,1.12,0.51,0
396,0.44,3.72,3.99,4.44,1.12,0.51,0
397,0.44,3.77,3.93,4.28,1.12,0.51,0
398,0.44,3.96,3.96,4.19,1.12,0.51,0
399,0.44,3.75,4,4.2,1.12,0.51,0
400,0.44,3.84,4.2,4.07,1.12,0.51,0
401,0.44,3.89,4.1,4.14,1.12,0.51,0
402,0.44,3.91,4.31,3.96,1.12,0.51,0
403,0.44,3.92,4.16,4.16,1.12,0.51,0
404,0.44,3.79,4.32,4.09,1.12,0.51,0
405,0.44,4,4.5,4.25,1.12,0.51,0
406,0.44,3.82,4.58,3.95,1.12,0.51,0
407,0.44,3.95,4.31,3.98,1.12,0.51,0
408,0.44,3.96,4.22,3.99,1.12,0.51,0
409,0.44,3.95,4.1,3.95,1.12,0.51,0
410,0.44,3.89,4.04,3.88,1.12,0.51,0
411,0.44,3.83,4.13,3.73,1.12,0.51,0
412,0.44,3.7,4.17,3.62,1.12,0.51,0
413,0.44,3.9,4.3,3.75,1.12,0.51,0
414,0.44,3.74,4.1,3.68,1.12,0.51,0
415,0.44,3.84,4.42,3.54,1.12,0.51,0
416,0.44,3.58,4.55,3.42,1.12,0.51,0
417,0.44,3.57,4.57,3.41,1.12,0.51,0
418,0.44,3.44,4.6,3.38,1.12,0.51,0
419,0.44,3.47,4.66,3.3,1.12,0.51,0
420,0.44,3.48,4.5,3.19,1.12,0.51,0
421,0.44,3.36,4.55,3.21,1.12,0.51,0
422,0.44,3.39,4.36,3.1,1.12,0.51,0
423,0.44,3.5,4.3,3.13,1.12,0.51,0
424,0.44,3.47,4.03,3.18,1.12,0.51,0
425,0.44,3.44,4.14,3.18,1.12,0.51,0
426,0.44,3.46,4.1,3.28,1.12,0.51,0
427,0.44,3.4,3.93,3.18,1.12,0.51,0
428,0.44,3.28,3.58,3.25,1.12,0.51,0
429,0.44,3.3,3.54,3.29,1.12,0.51,0
430,0.44,3.28,3.65,3.22,1.12,0.51,0
431,0.44,3.38,3.65,3.35,1.12,0.51,0
432,0.44,3.38,3.65,3.37,1.12,0.51,0
433,0.44,3.53,3.68,3.28,1.12,0.51,0
434,0.44,3.51,3.79,3.28,1.12,0.51,0
435,0.44,3.51,3.71,3.13,1.12,0.51,0
436,0.44,3.65,3.73,3.14,1.12,0.51,0
437,0.44,3.56,3.68,3.12,1.12,0.51,0
438,0.44,3.64,3.63,3.05,1.12,0.51,0
439,0.44,3.42,3.73,3.1,1.12,0.51,0
440,0.44,3.55,3.6,3.11,1.12,0.51,0
441,0.44,3.26,3.79,3.21,1.12,0.51,0
442,0.44,3.21,3.69,3.28,1.12,0.51,0
443,0.44,3.22,3.9,3.25,1.12,0.51,0
444,0.44,2.95,3.73,3.07,1.12,0.51,0
445,0.44,2.94,3.81,3.14,1.12,0.51,0
446,0.44,2.82,3.53,3.19,1.12,0.51,0
447,0.44,2.78,3.61,3.18,1.12,0.51,0
448,0.44,2.86,3.56,3.28,1.12,0.51,0
449,0.44,2.93,3.32,3.33,1.12,0.51,0
450,0.44,2.93,3.4,3.54,1.12,0.51,0
451,0.44,2.93,3.37,3.32,1.12,0.51,0
452,0.44,3.02,3.44,3.43,1.12,0.51,0
453,0.44,2.92,3.48,3.43,1.12,0.51,0
454,0.44,2.72,3.42,3.46,1.12,0.51,0
455,0.44,2.72,3.36,3.58,1.12,0.51,0
456,0.44,2.71,3.31,3.61,1.12,0.51,0
457,0.44,2.66,3.35,3.64,1.12,0.51,0
458,0.44,2.65,3.37,3.53,1.12,0.51,0
459,0.44,2.65,3.3,3.61,1.12,0.51,0
460,0.44,2.68,3.35,3.55,1.12,0.51,0
461,0.44,2.57,3.5,3.47,1.12,0.51,0
462,0.44,2.52,3.63,3.38,1.12,0.51,0
463,0.44,2.56,3.43,3.6,1.12,0.51,0
464,0.44,2.42,3.39,3.34,1.12,0.51,0
465,0.44,2.45,3.47,3.4,1.12,0.51,0
466,0.44,2.37,3.25,3.4,1.12,0.51,0
467,0.44,2.43,3.28,3.34,1.12,0.51,0
468,0.44,2.34,3.13,3.43,1.12,0.51,0
469,0.44,2.26,3.17,3.33,1.12,0.51,0
470,0.44,2.25,3.12,3.33,1.12,0.51,0
471,0.44,2.25,3.13,3.49,1.12,0.51,0
472,0.44,2.22,3.12,3.34,1.12,0.51,0
473,0.44,2.29,3.17,3.42,1.12,0.51,0
474,0.44,2.27,3.13,3.35,1.12,0.51,0
475,0.44,2.33,3.28,3.3,1.12,0.51,0
476,0.44,2.23,3.35,3.31,1.12,0.51,0
477,0.44,2.3,3.34,3.32,1.12,0.51,0
478,0.44,2.27,3.47,3.39,1.12,0.51,0
479,0.44,2.39,3.33,3.21,1.12,0.51,0
480,0.44,2.27,3.57,3.4,1.12,0.51,0
481,0.44,2.37,3.36,3.26,1.12,0.51,0
482,0.44,2.29,3.49,3.38,1.12,0.51,0
483,0.44,2.24,3.62,3.41,1.12,0.51,0
484,0.44,2.27,3.57,3.55,1.12,0.51,0
485,0.44,2.3,3.73,3.44,1.12,0.51,0
486,0.44,2.36,3.68,3.56,1.12,0.51,0
487,0.44,2.35,3.84,3.54,1.12,0.51,0
488,0.44,2.41,3.64,3.53,1.12,0.51,0
489,0.44,2.37,3.54,3.53,1.12,0.51,0
490,0.44,2.34,3.48,3.67,1.12,0.51,0
491,0.44,2.33,3.36,3.58,1.12,0.51,0
492,0.44,2.32,3.3,3.63,1.12,0.51,0
493,0.44,2.37,3.43,3.58,1.12,0.51,0
494,0.44,2.36,3.33,3.55,1.12,0.51,0
495,0.44,2.42,3.26,3.58,1.12,0.51,0
496,0.44,2.42,3.19,3.57,1.12,0.51,0
497,0.44,2.46,3.16,3.5,1.12,0.51,0
498,0.44,2.46,3.19,3.59,1.12,0.51,0
499,0.44,2.4,3.15,3.56,1.12,0.51,0
500,0.44,2.42,3.27,3.59,1.12,0.51,0
501,0.44,2.51,3.21,3.45,1.12,0.51,0
502,0.44,2.38,3.33,3.57,1.12,0.51,0
503,0.44,2.4,3.27,3.5,1.12,0.51,0
504,0.44,2.38,3.29,3.69,1.12,0.51,0
505,0.44,2.42,3.34,3.37,1.12,0.51,0
506,0.44,2.4,3.23,3.39,1.12,0.51,0
507,0.44,2.33,3.39,3.35,1.12,0.51,0
508,0.44,2.45,3.39,3.4,1.12,0.51,0
509,0.44,2.35,3.55,3.56,1.12,0.51,0
510,0.44,2.38,3.48,3.52,1.12,0.51,0
511,0.44,2.44,3.59,3.5,1.12,0.51,0
512,0.44,2.43,3.64,3.41,1.12,0.51,0
513,0.44,2.54,3.56,3.34,1.12,0.51,0
514,0.44,2.44,3.57,3.38,1.12,0.51,0
515,0.44,2.56,3.75,3.34,1.12,0.51,0
516,0.44,2.51,3.67,3.35,1.12,0.51,0
517,0.44,2.63,3.4,3.34,1.12,0.51,0
518,0.44,2.65,3.37,3.22,1.12,0.51,0
519,0.44,2.62,3.44,3.26,1.12,0.51,0
520,0.44,2.7,3.29,3.31,1.12,0.51,0
521,0.44,2.68,3.25,3.34,1.12,0.51,0
522,0.44,2.8,3.35,3.41,1.12,0.51,0
523,0.44,2.72,3.44,3.54,1.12,0.51,0
524,0.44,2.76,3.4,3.5,1.12,0.51,0
525,0.44,2.8,3.51,3.56,1.12,0.51,0
526,0.44,2.76,3.47,3.43,1.12,0.51,0
527,0.44,2.75,3.43,3.56,1.12,0.51,0
528,0.44,2.72,3.47,3.38,1.12,0.51,0
529,0.44,2.83,3.6,3.41,1.12,0.51,0
530,0.44,2.76,3.64,3.31,1.12,0.51,0
531,0.44,2.88,3.74,3.31,1.12,0.51,0
532,0.44,3.01,3.67,3.21,1.12,0.51,0
533,0.44,2.92,3.86,3.24,1.12,0.51,0
534,0.44,2.9,3.79,3.25,1.12,0.51,0
535,0.44,2.91,3.84,3.27,1.12,0.51,0
536,0.44,2.96,3.78,3.17,1.12,0.51,0
537,0.44,2.9,3.74,3.24,1.12,0.51,0
538,0.44,3.15,3.9,3.27,1.12,0.51,0
539,0.44,3,4.04,3.26,1.12,0.51,0
540,0.44,3.18,3.87,3.45,1.12,0.51,0
541,0.44,3.1,3.87,3.47,1.12,0.51,0
542,0.44,3.15,3.85,3.64,1.12,0.51,0
543,0.44,3.32,3.95,3.41,1.12,0.51,0
544,0.44,3.24,3.99,3.54,1.12,0.51,0
545,0.44,3.22,4.19,3.53,1.12,0.51,0
546,0.44,3.07,3.96,3.63,1.12,0.51,0
547,0.44,2.95,4.08,3.32,1.12,0.51,0
548,0.44,2.98,3.91,3.46,1.12,0.51,0
549,0.44,2.97,4.21,3.29,1.12,0.51,0
550,0.44,2.91,4.12,3.33,1.12,0.51,0
551,0.44,2.68,4.18,3.32,1.12,0.51,0
552,0.44,2.8,4.05,3.35,1.12,0.51,0
553,0.44,2.7,3.92,3.35,1.12,0.51,0
554,0.44,2.77,3.9,3.36,1.12,0.51,0
555,0.44,2.75,3.83,3.4,1.12,0.51,0
556,0.44,2.72,3.84,3.4,1.12,0.51,0
557,0.44,2.65,3.82,3.44,1.12,0.51,0
558,0.44,2.79,3.73,3.61,1.12,0.51,0
559,0.44,2.6,3.59,3.45,1.12,0.51,0
560,0.44,2.63,3.64,3.28,1.12,0.51,0
561,0.44,2.62,3.72,3.34,1.12,0.51,0
562,0.44,2.55,3.64,3.37,1.12,0.51,0
563,0.44,2.65,3.61,3.47,1.12,0.51,0
564,0.44,2.57,3.66,3.52,1.12,0.51,0
565,0.44,2.62,3.68,3.35,1.12,0.51,0
566,0.44,2.55,3.48,3.31,1.12,0.51,0
567,0.44,2.58,3.51,3.31,1.12,0.51,0
568,0.44,2.72,3.54,3.26,1.12,0.51,0
569,0.44,2.64,3.59,3.2,1.12,0.51,0
570,0.44,2.82,3.59,3.25,1.12,0.51,0
571,0.44,2.63,3.49,3.17,1.12,0.51,0
572,0.44,2.57,3.54,3.3,1.12,0.51,0
573,0.44,2.6,3.51,3.23,1.12,0.51,0
574,0.44,2.52,3.34,3.22,1.12,0.51,0
575,0.44,2.49,3.22,3.04,1.12,0.51,0
576,0.44,2.46,3.34,3.13,1.12,0.51,0
577,0.44,2.55,3.29,3.01,1.12,0.51,0
578,0.44,2.64,3.27,3.03,1.12,0.51,0
579,0.44,2.64,3.23,2.89,1.12,0.51,0
580,0.44,2.74,3.28,2.94,1.12,0.51,0
581,0.44,2.74,3.31,2.92,1.12,0.51,0
582,0.44,2.78,3.34,2.99,1.12,0.51,0
583,0.44,2.84,3.43,2.88,1.12,0.51,0
584,0.44,2.88,3.45,2.97,1.12,0.51,0
585,0.44,2.77,3.34,2.92,1.12,0.51,0
586,0.44,2.94,3.34,2.96,1.12,0.51,0
587,0.44,2.78,3.19,2.92,1.12,0.51,0
588,0.44,2.8,3.2,2.98,1.12,0.51,0
589,0.44,2.7,3.22,2.9,1.12,0.51,0
590,0.44,2.84,3.23,2.88,1.12,0.51,0
591,0.44,2.8,3.31,2.89,1.12,0.51,0
592,0.44,2.89,3.33,2.91,1.12,0.51,0
593,0.44,2.83,3.48,2.91,1.12,0.51,0
594,0.44,2.91,3.35,2.91,1.12,0.51,0
595,0.44,2.9,3.23,2.91,1.12,0.51,0
596,0.44,2.95,3.29,2.91,1.12,0.51,0
597,0.44,2.93,3.33,2.91,1.12,0.51,0
598,0.44,2.79,3.45,2.91,1.12,0.51,0
599,0.44,2.75,3.4,2.91,1.12,0.51,0
600,0.44,2.78,3.55,2.91,1.12,0.51,0
601,0.44,2.75,3.49,2.91,1.12,0.51,0
602,0.44,2.78,3.71,2.91,1.12,0.51,0
603,0.44,2.68,3.5,2.91,1.12,0.51,0
604,0.44,2.78,3.66,2.91,1.12,0.51,0
605,0.44,2.73,3.65,2.91,1.12,0.51,0
606,0.44,2.83,3.96,2.91,1.12,0.51,0
607,0.44,2.81,3.8,2.91,1.12,0.51,0
608,0.44,2.94,3.89,2.91,1.12,0.51,0
609,0.44,2.88,3.85,2.91,1.12,0.51,0
610,0.44,3.01,3.92,2.91,1.12,0.51,0
611,0.44,3.01,3.79,2.91,1.12,0.51,0
612,0.44,3.02,3.62,2.91,1.12,0.51,0
613,0.44,3.03,3.67,2.91,1.12,0.51,0
614,0.44,3.08,3.55,2.91,1.12,0.51,0
615,0.44,3.13,3.51,2.91,1.12,0.51,0
616,0.44,2.94,3.45,2.91,1.12,0.51,0
617,0.44,3.13,3.46,2.91,1.12,0.51,0
618,0.44,3.15,3.52,2.91,1.12,0.51,0
619,0.44,3.31,3.51,2.91,1.12,0.51,0
620,0.44,3.3,3.54,2.91,1.12,0.51,0
621,0.44,3.31,3.54,2.91,1.12,0.51,0
622,0.44,3.25,3.46,2.91,1.12,0.51,0
623,0.44,3.25,3.44,2.91,1.12,0.51,0
624,0.44,3.37,3.45,2.91,1.12,0.51,0
625,0.44,3.28,3.45,2.91,1.12,0.51,0
626,0.44,3.22,3.35,2.91,1.12,0.51,0
627,0.44,3.27,3.28,2.91,1.12,0.51,0
628,0.44,3.04,3.34,2.91,1.12,0.51,0
629,0.44,3.11,3.31,2.91,1.12,0.51,0
630,0.44,3.06,3.27,2.91,1.12,0.51,0
631,0.44,3.14,3.26,2.91,1.12,0.51,0
632,0.44,2.86,3.24,2.91,1.12,0.51,0
633,0.44,2.83,3.3,2.91,1.12,0.51,0
634,0.44,2.78,3.29,2.91,1.12,0.51,0
635,0.44,2.79,3.43,2.91,1.12,0.51,0
636,0.44,2.68,3.28,2.91,1.12,0.51,0
637,0.44,2.79,3.39,2.91,1.12,0.51,0
638,0.44,2.79,3.24,2.91,1.12,0.51,0
639,0.44,2.7,3.35,2.91,1.12,0.51,0
640,0.44,2.7,3.36,2.91,1.12,0.51,0
641,0.44,2.61,3.41,2.91,1.12,0.51,0
642,0.44,2.55,3.32,2.91,1.12,0.51,0
643,0.44,2.63,3.31,2.91,1.12,0.51,0
644,0.44,2.55,3.17,2.91,1.12,0.51,0
645,0.44,2.65,3.11,2.91,1.12,0.51,0
646,0.44,2.67,3.13,2.91,1.12,0.51,0
647,0.44,2.58,3.08,2.91,1.12,0.51,0
648,0.44,2.75,3.09,2.91,1.12,0.51,0
649,0.44,2.7,3.09,2.91,1.12,0.51,0
650,0.44,2.71,3.09,2.91,1.12,0.51,0
651,0.44,2.61,3.11,2.91,1.12,0.51,0
652,0.44,2.59,3.1,2.91,1.12,0.51,0
653,0.44,2.61,3.08,2.91,1.12,0.51,0
654,0.44,2.69,3.07,2.91,1.12,0.51,0
655,0.44,2.67,3.04,2.91,1.12,0.51,0
656,0.44,2.84,2.99,2.91,1.12,0.51,0
657,0.44,2.89,2.99,2.91,1.12,0.51,0
658,0.44,2.92,3.02,2.93,1.12,0.51,0
659,0.44,3,2.96,2.93,1.12,0.51,0
660,0.44,3.07,2.96,2.99,1.12,0.51,0
661,0.44,3.05,2.98,2.92,1.12,0.51,0
662,0.44,3.09,2.99,2.89,1.12,0.51,0
663,0.44,3.2,3.04,2.89,1.12,0.51,0
664,0.44,2.99,3,2.89,1.12,0.51,0
665,0.44,3.08,3.03,2.91,1.12,0.51,0
666,0.44,3.07,3.04,2.91,1.12,0.51,0
667,0.44,3.04,3.09,2.93,1.12,0.51,0
668,0.44,3.15,3.03,2.95,1.12,0.51,0
669,0.44,3.1,3.1,2.98,1.12,0.51,0
670,0.44,3.04,3.03,2.92,1.12,0.51,0
671,0.44,3.08,3.03,2.92,1.12,0.51,0
672,0.44,2.89,3,2.94,1.12,0.51,0
673,0.44,2.92,2.99,2.97,1.12,0.51,0
674,0.44,2.96,3.05,3,1.12,0.51,0
675,0.44,2.95,3.02,2.97,1.12,0.51,0
676,0.44,3.26,3.05,3.01,1.12,0.51,0
677,0.44,2.94,3.04,3.07,1.12,0.51,0
678,0.44,3.03,3.05,3.08,1.12,0.51,0
679,0.44,2.81,3.07,3.03,1.12,0.51,0
680,0.44,2.7,3.1,3.01,1.12,0.51,0
681,0.44,2.86,3.05,3.04,1.12,0.51,0
682,0.44,2.75,3.07,3.07,1.12,0.51,0
683,0.44,2.82,3.06,3.15,1.12,0.51,0
684,0.44,2.67,3.01,3.07,1.12,0.51,0
685,0.44,2.75,2.91,2.99,1.12,0.51,0
686,0.44,2.6,2.93,3.11,1.12,0.51,0
687,0.44,2.73,2.93,2.95,1.12,0.51,0
688,0.44,2.88,2.98,2.94,1.12,0.51,0
689,0.44,2.75,2.94,2.98,1.12,0.51,0
690,0.44,2.86,3.03,2.96,1.12,0.51,0
691,0.44,2.83,2.91,2.95,1.12,0.51,0
692,0.44,2.72,2.93,2.93,1.12,0.51,0
693,0.44,2.72,2.91,2.92,1.12,0.51,0
694,0.44,2.72,2.94,2.98,1.12,0.51,0
695,0.44,2.55,2.93,2.95,1.12,0.51,0
696,0.44,2.61,2.92,3,1.12,0.51,0
697,0.44,2.66,2.87,2.91,1.12,0.51,0
698,0.44,2.6,2.88,2.92,1.12,0.51,0
699,0.44,2.61,2.9,2.9,1.12,0.51,0
700,0.44,2.64,2.89,2.9,1.12,0.51,0
701,0.44,2.66,2.92,2.92,1.12,0.51,0
702,0.44,2.66,2.94,2.93,1.12,0.51,0
703,0.44,2.72,2.92,2.95,1.12,0.51,0
704,0.44,2.8,2.97,2.95,1.12,0.51,0
705,0.44,2.85,2.92,2.93,1.12,0.51,0
706,0.44,2.71,3.01,2.98,1.12,0.51,0
707,0.44,2.69,2.92,2.95,1.12,0.51,0
708,0.44,2.7,2.94,2.96,1.12,0.51,0
709,0.44,2.76,2.96,2.95,1.12,0.51,0
710,0.44,2.69,2.97,3.03,1.12,0.51,0
711,0.44,2.67,2.94,2.96,1.12,0.51,0
712,0.44,2.72,2.93,2.99,1.12,0.51,0
713,0.44,2.65,2.94,3.01,1.12,0.51,0
714,0.44,2.62,2.97,3.02,1.12,0.51,0
715,0.44,2.58,2.93,3.07,1.12,0.51,0
716,0.44,2.56,2.94,3,1.12,0.51,0
717,0.44,2.46,2.9,2.98,1.12,0.51,0
718,0.44,2.49,2.88,3.02,1.12,0.51,0
719,0.44,2.44,2.88,2.96,1.12,0.51,0
720,0.44,2.44,2.88,2.94,1.12,0.51,0
721,0.44,2.34,2.9,2.94,1.12,0.51,0
722,0.44,2.35,2.87,2.93,1.12,0.51,0
723,0.44,2.34,2.89,2.9,1.12,0.51,0
724,0.44,2.35,2.91,2.91,1.12,0.51,0
725,0.44,2.37,2.89,2.91,1.12,0.51,0
726,0.44,2.41,2.86,2.91,1.12,0.51,0
727,0.44,2.39,2.89,2.93,1.12,0.51,0
728,0.44,2.36,2.9,2.92,1.12,0.51,0
729,0.44,2.42,2.98,2.93,1.12,0.51,0
730,0.44,2.42,2.94,2.94,1.12,0.51,0
731,0.44,2.51,2.89,2.96,1.12,0.51,0
732,0.44,2.41,2.99,2.98,1.12,0.51,0
733,0.44,2.44,2.94,3,1.12,0.51,0
734,0.44,2.4,3.11,2.99,1.12,0.51,0
735,0.44,2.36,3.03,2.94,1.12,0.51,0
736,0.44,2.36,3.22,2.93,1.12,0.51,0
737,0.44,2.4,3.11,2.94,1.12,0.51,0
738,0.44,2.4,3.16,2.88,1.12,0.51,0
739,0.44,2.46,3.23,2.86,1.12,0.51,0
740,0.44,2.51,3.31,2.84,1.12,0.51,0
741,0.44,2.48,2.97,2.83,1.12,0.51,0
742,0.44,2.45,2.99,2.87,1.12,0.51,0
743,0.44,2.47,2.99,2.85,1.12,0.51,0
744,0.44,2.46,2.97,2.86,1.12,0.51,0
745,0.44,2.49,3,2.87,1.12,0.51,0
746,0.44,2.54,2.99,2.88,1.12,0.51,0
747,0.44,2.58,3.05,2.9,1.12,0.51,0
748,0.44,2.69,3.04,2.89,1.12,0.51,0
749,0.44,2.72,3.1,2.94,1.12,0.51,0
750,0.44,2.84,3.06,2.93,1.12,0.51,0
751,0.44,2.81,3.16,3.01,1.12,0.51,0
752,0.44,2.86,3.12,2.98,1.12,0.51,0
753,0.44,2.82,3.3,3.05,1.12,0.51,0
754,0.44,2.84,3.21,3.09,1.12,0.51,0
755,0.44,2.89,3.34,3.19,1.12,0.51,0
756,0.44,2.98,3.32,3.06,1.12,0.51,0
757,0.44,2.75,3.36,3.14,1.12,0.51,0
758,0.44,2.61,3.29,3.13,1.12,0.51,0
759,0.44,2.64,3.35,3.23,1.12,0.51,0
760,0.44,2.61,3.46,3.23,1.12,0.51,0
761,0.44,2.62,3.34,3.11,1.12,0.51,0
762,0.44,2.66,3.5,3.09,1.12,0.51,0
763,0.44,2.67,3.5,3.21,1.12,0.51,0
764,0.44,2.64,3.45,3.18,1.12,0.51,0
765,0.44,2.69,3.43,3.33,1.12,0.51,0
766,0.44,2.72,3.46,3.24,1.12,0.51,0
767,0.44,2.72,3.7,3.28,1.12,0.51,0
768,0.44,2.71,3.5,3.21,1.12,0.51,0
769,0.44,2.71,3.47,3.07,1.12,0.51,0
770,0.44,2.68,3.42,3.16,1.12,0.51,0
771,0.44,2.75,3.42,3.09,1.12,0.51,0
772,0.44,2.71,3.45,3.13,1.12,0.51,0
773,0.44,2.76,3.43,3.15,1.12,0.51,0
774,0.44,2.78,3.47,3.23,1.12,0.51,0
775,0.44,2.76,3.41,3.25,1.12,0.51,0
776,0.44,2.76,3.37,3.23,1.12,0.51,0
777,0.44,2.7,3.37,3.07,1.12,0.51,0
778,0.44,2.69,3.41,3.05,1.12,0.51,0
779,0.44,2.74,3.39,3.05,1.12,0.51,0
780,0.44,2.73,3.5,3.07,1.12,0.51,0
781,0.44,2.78,3.46,3.03,1.12,0.51,0
782,0.44,2.69,3.47,3.09,1.12,0.51,0
783,0.44,2.78,3.51,3.01,1.12,0.51,0
784,0.44,2.75,3.5,2.99,1.12,0.51,0
785,0.44,2.75,3.38,2.99,1.12,0.51,0
786,0.44,2.72,3.29,2.97,1.12,0.51,0
787,0.44,2.77,3.31,3.02,1.12,0.51,0
788,0.44,2.78,3.41,2.97,1.12,0.51,0
789,0.44,2.81,3.33,2.96,1.12,0.51,0
790,0.44,2.85,3.36,2.97,1.12,0.51,0
791,0.44,2.82,3.22,2.98,1.12,0.51,0
792,0.44,2.89,3.29,3.05,1.12,0.51,0
793,0.44,2.82,3.21,2.98,1.12,0.51,0
794,0.44,2.86,3.29,3.03,1.12,0.51,0
795,0.44,2.77,3.31,3.02,1.12,0.51,0
796,0.44,2.8,3.22,3.12,1.12,0.51,0
797,0.44,2.87,3.22,3.09,1.12,0.51,0
798,0.44,2.86,3.26,3.1,1.12,0.51,0
799,0.44,2.7,3.33,3.1,1.12,0.51,0
800,0.44,2.65,3.33,3.19,1.12,0.51,0
801,0.44,2.68,3.34,3.07,1.12,0.51,0
802,0.44,2.7,3.24,3.06,1.12,0.51,0
803,0.44,2.67,3.3,3.09,1.12,0.51,0
804,0.44,2.7,3.38,3.12,1.12,0.51,0
805,0.44,2.72,3.34,3.13,1.12,0.51,0
806,0.44,2.74,3.39,3.09,1.12,0.51,0
807,0.44,2.85,3.33,3.12,1.12,0.51,0
808,0.44,2.73,3.47,3.15,1.12,0.51,0
809,0.44,2.78,3.42,3.17,1.12,0.51,0
810,0.44,2.75,3.64,3.18,1.12,0.51,0
811,0.44,2.75,3.57,3.17,1.12,0.51,0
812,0.44,2.74,3.71,3.17,1.12,0.51,0
813,0.44,2.71,3.41,3.21,1.12,0.51,0
814,0.44,2.83,3.46,3.2,1.12,0.51,0
815,0.44,2.71,3.38,3.04,1.12,0.51,0
816,0.44,2.74,3.29,3.02,1.12,0.51,0
817,0.44,2.73,3.2,3.02,1.12,0.51,0
818,0.44,2.66,3.26,2.98,1.12,0.51,0
819,0.44,2.66,3.27,3.03,1.12,0.51,0
820,0.44,2.67,3.24,2.99,1.12,0.51,0
821,0.44,2.74,3.29,3.01,1.12,0.51,0
822,0.44,2.75,3.32,3.04,1.12,0.51,0
823,0.44,2.74,3.38,3.06,1.12,0.51,0
824,0.44,2.73,3.35,3.07,1.12,0.51,0
825,0.44,2.76,3.31,3.06,1.12,0.51,0
826,0.44,2.64,3.37,3.12,1.12,0.51,0
827,0.44,2.74,3.28,3.1,1.12,0.51,0
828,0.44,2.66,3.35,3.11,1.12,0.51,0
829,0.44,2.72,3.27,3.18,1.12,0.51,0
830,0.44,2.69,3.25,3.15,1.12,0.51,0
831,0.44,2.66,3.4,3.21,1.12,0.51,0
832,0.44,2.73,3.23,3.23,1.12,0.51,0
833,0.44,2.68,3.26,3.24,1.12,0.51,0
834,0.44,2.74,3.31,3.28,1.12,0.51,0
835,0.44,2.63,3.35,3.36,1.12,0.51,0
836,0.44,2.7,3.49,3.26,1.12,0.51,0
837,0.44,2.67,3.28,3.38,1.12,0.51,0
838,0.44,2.74,3.59,3.18,1.12,0.51,0
839,0.44,2.69,3.36,3.24,1.12,0.51,0
840,0.44,2.71,3.43,3.22,1.12,0.51,0
841,0.44,2.71,3.36,3.17,1.12,0.51,0
842,0.44,2.82,3.39,3.13,1.12,0.51,0
843,0.44,2.68,3.47,3.07,1.12,0.51,0
844,0.44,2.73,3.47,3.08,1.12,0.51,0
845,0.44,2.64,3.42,3.13,1.12,0.51,0
846,0.44,2.57,3.59,3.09,1.12,0.51,0
847,0.44,2.57,3.54,3.03,1.12,0.51,0
848,0.44,2.61,3.68,2.99,1.12,0.51,0
849,0.44,2.65,3.62,2.94,1.12,0.51,0
850,0.44,2.71,3.58,2.95,1.12,0.51,0
851,0.44,2.69,3.7,2.93,1.12,0.51,0
852,0.44,2.68,3.69,2.88,1.12,0.51,0
853,0.44,2.7,3.86,2.88,1.12,0.51,0
854,0.44,2.74,3.79,2.83,1.12,0.51,0
855,0.44,2.68,3.99,2.83,1.12,0.51,0
856,0.44,2.62,3.78,2.83,1.12,0.51,0
857,0.44,2.64,3.77,2.83,1.12,0.51,0
858,0.44,2.62,3.69,2.83,1.12,0.51,0
859,0.44,2.58,3.75,2.83,1.12,0.51,0
860,0.44,2.67,3.78,2.83,1.12,0.51,0
861,0.44,2.52,3.69,2.83,1.12,0.51,0
862,0.44,2.55,3.64,2.83,1.12,0.51,0
863,0.44,2.48,3.65,2.83,1.12,0.51,0
864,0.44,2.5,3.68,2.83,1.12,0.51,0
865,0.44,2.5,3.72,2.83,1.12,0.51,0
866,0.44,2.51,3.8,2.83,1.12,0.51,0
867,0.44,2.56,3.73,2.83,1.12,0.51,0
868,0.44,2.58,3.81,2.83,1.12,0.51,0
869,0.44,2.64,3.74,2.83,1.12,0.51,0
870,0.44,2.55,3.65,2.83,1.12,0.51,0
871,0.44,2.56,3.65,2.83,1.12,0.51,0
872,0.44,2.59,3.64,2.83,1.12,0.51,0
873,0.44,2.55,3.73,2.83,1.12,0.51,0
874,0.44,2.56,3.69,2.83,1.12,0.51,0
875,0.44,2.52,3.97,2.83,1.12,0.51,0
876,0.44,2.5,3.71,2.83,1.12,0.51,0
877,0.44,2.5,3.86,2.83,1.12,0.51,0
878,0.44,2.5,3.79,2.83,1.12,0.51,0
879,0.44,2.5,4.01,2.83,1.12,0.51,0
880,0.44,2.5,3.85,2.83,1.12,0.51,0
881,0.44,2.5,3.87,2.83,1.12,0.51,0
882,0.44,2.5,3.77,2.83,1.12,0.51,0
883,0.44,2.5,3.9,2.83,1.12,0.51,0
884,0.44,2.5,3.8,2.83,1.12,0.51,0
885,0.44,2.5,3.87,2.83,1.12,0.51,0
886,0.44,2.5,3.86,2.83,1.12,0.51,0
887,0.44,2.5,3.82,2.83,1.12,0.51,0
888,0.44,2.5,3.95,2.83,1.12,0.51,0
889,0.44,2.5,3.69,2.83,1.12,0.51,0
890,0.44,2.5,3.77,2.83,1.12,0.51,0
891,0.44,2.5,3.74,2.83,1.12,0.51,0
892,0.44,2.5,3.72,2.83,1.12,0.51,0
893,0.44,2.5,3.81,2.83,1.12,0.51,0
894,0.44,2.5,3.56,2.83,1.12,0.51,0
895,0.44,2.5,3.54,2.83,1.12,0.51,0
896,0.44,2.5,3.65,2.83,1.12,0.51,0
897,0.44,2.5,3.8,2.83,1.12,0.51,0
898,0.44,2.5,3.76,2.83,1.12,0.51,0
899,0.44,2.5,3.84,2.83,1.12,0.51,0
900,0.44,2.5,4.06,2.83,1.12,0.51,0
901,0.44,2.5,3.97,2.83,1.12,0.51,0
902,0.44,2.5,4.1,2.83,1.12,0.51,0
903,0.44,2.5,3.97,2.83,1.12,0.51,0
904,0.44,2.5,4.2,2.83,1.12,0.51,0
905,0.44,2.5,3.95,2.83,1.12,0.51,0
906,0.44,2.5,4.03,2.83,1.12,0.51,0
907,0.44,2.5,3.95,2.83,1.12,0.51,0
908,0.44,2.5,4.18,2.83,1.12,0.51,0
909,0.44,2.5,4.01,2.83,1.12,0.51,0
910,0.44,2.5,3.98,2.83,1.12,0.51,0
911,0.44,2.5,3.98,2.83,1.12,0.51,0
912,0.44,2.5,4.06,2.83,1.12,0.51,0
913,0.44,2.5,4.02,2.83,1.12,0.51,0
914,0.44,2.5,3.88,2.83,1.12,0.51,0
915,0.44,2.5,3.66,2.83,1.12,0.51,0
916,0.44,2.5,3.61,2.83,1.12,0.51,0
917,0.44,2.5,3.44,2.83,1.12,0.51,0
918,0.44,2.49,3.44,2.83,1.12,0.51,0
919,0.44,2.48,3.32,2.83,1.12,0.51,0
920,0.44,2.49,3.41,2.83,1.12,0.51,0
921,0.44,2.49,3.41,2.83,1.12,0.51,0
922,0.44,2.49,3.68,2.83,1.12,0.51,0
923,0.44,2.49,3.54,2.83,1.12,0.51,0
924,0.44,2.49,3.63,2.83,1.12,0.51,0
925,0.44,2.49,3.72,2.83,1.12,0.51,0
926,0.44,2.49,3.7,2.83,1.12,0.51,0
927,0.44,2.49,3.83,2.83,1.12,0.51,0
928,0.44,2.49,4.04,2.83,1.12,0.51,0
929,0.44,2.49,3.5,2.83,1.12,0.51,0
930,0.44,2.49,3.69,2.83,1.12,0.51,0
931,0.44,2.49,3.44,2.83,1.12,0.51,0
932,0.44,2.49,3.43,2.83,1.12,0.51,0
933,0.44,2.49,3.38,2.83,1.12,0.51,0
934,0.44,2.49,3.64,2.83,1.12,0.51,0
935,0.44,2.49,3.43,2.83,1.12,0.51,0
936,0.44,2.49,3.59,2.83,1.12,0.51,0
937,0.44,2.49,3.4,2.83,1.12,0.51,0
938,0.44,2.49,3.52,2.83,1.12,0.51,0
939,0.44,2.49,3.53,2.83,1.12,0.51,0
940,0.44,2.49,3.59,2.83,1.12,0.51,0
941,0.44,2.49,3.75,2.83,1.12,0.51,0
942,0.44,2.49,3.7,2.83,1.12,0.51,0
943,0.44,2.49,3.54,2.83,1.12,0.51,0
944,0.44,2.49,3.68,2.83,1.12,0.51,0
945,0.44,2.49,3.52,2.83,1.12,0.51,0
946,0.44,2.49,3.65,2.83,1.12,0.51,0
947,0.44,2.49,3.79,2.83,1.12,0.51,0
948,0.44,2.49,3.79,2.83,1.12,0.51,0
949,0.44,2.49,3.83,2.83,1.12,0.51,0
950,0.44,2.49,3.7,2.83,1.12,0.51,0
951,0.44,2.49,3.86,2.83,1.12,0.51,0
952,0.44,2.49,3.76,2.83,1.12,0.51,0
953,0.44,2.49,3.81,2.83,1.12,0.51,0
954,0.44,2.49,3.97,2.83,1.12,0.51,0
955,0.44,2.49,4.09,2.83,1.12,0.51,0
956,0.44,2.49,4.18,2.83,1.12,0.51,0
957,0.44,2.49,4,2.83,1.12,0.51,0
958,0.44,2.49,4.26,2.83,1.12,0.51,0
959,0.44,2.49,4.1,2.83,1.12,0.51,0
960,0.44,2.49,4.42,2.83,1.12,0.51,0
961,0.44,2.49,4.04,2.83,1.12,0.51,0
962,0.44,2.48,4.1,2.83,1.12,0.51,0
963,0.44,2.47,4.11,2.83,1.12,0.51,0
964,0.44,2.48,4.37,2.83,1.12,0.51,0
965,0.44,2.48,3.9,2.83,1.12,0.51,0
966,0.44,2.48,3.92,2.83,1.12,0.51,0
967,0.44,2.48,3.84,2.83,1.12,0.51,0
968,0.44,2.48,3.97,2.83,1.12,0.51,0
969,0.44,2.48,4.3,2.83,1.12,0.51,0
970,0.44,2.48,4.03,2.83,1.12,0.51,0
971,0.44,2.48,3.77,2.83,1.12,0.51,0
972,0.44,2.48,3.64,2.83,1.12,0.51,0
973,0.44,2.48,3.59,2.83,1.12,0.51,0
974,0.44,2.48,3.57,2.83,1.12,0.51,0
975,0.44,2.48,3.56,2.83,1.12,0.51,0
976,0.44,2.48,3.61,2.83,1.12,0.51,0
977,0.44,2.48,3.46,2.83,1.12,0.51,0
978,0.44,2.48,3.61,2.83,1.12,0.51,0
979,0.44,2.48,3.26,2.83,1.12,0.51,0
980,0.44,2.48,3.38,2.83,1.12,0.51,0
981,0.44,2.48,3.39,2.83,1.12,0.51,0
982,0.44,2.48,3.5,2.83,1.12,0.51,0
983,0.44,2.48,3.58,2.83,1.12,0.51,0
984,0.44,2.48,3.56,2.83,1.12,0.51,0
985,0.44,2.48,3.47,2.83,1.12,0.51,0
986,0.44,2.48,3.53,2.83,1.12,0.51,0
987,0.44,2.48,3.56,2.83,1.12,0.51,0
988,0.44,2.48,3.75,2.83,1.12,0.51,0
989,0.44,2.48,3.79,2.83,1.12,0.51,0
990,0.44,2.48,3.9,2.83,1.12,0.51,0
991,0.44,2.48,3.71,2.83,1.12,0.51,0
992,0.44,2.48,3.79,2.83,1.12,0.51,0
993,0.44,2.48,3.73,2.83,1.12,0.51,0
994,0.44,2.48,3.81,2.83,1.12,0.51,0
995,0.44,2.48,3.98,2.83,1.12,0.51,0
996,0.44,2.48,4.09,2.83,1.12,0.51,0
997,0.44,2.48,4.11,2.83,1.12,0.51,0
998,0.44,2.48,4.33,2.83,1.12,0.51,0
999,0.44,2.48,3.93,2.83,1.12,0.51,0
