step,walk_1_x,walk_1_y,walk_1_z,walk_2_x,walk_2_y,walk_2_z,walk_3_x,walk_3_y,walk_3_z,walk_4_x,walk_4_y,walk_4_z,walk_5_x,walk_5_y,walk_5_z,walk_6_x,walk_6_y,walk_6_z,walk_7_x,walk_7_y,walk_7_z,walk_8_x,walk_8_y,walk_8_z,walk_9_x,walk_9_y,walk_9_z,walk_10_x,walk_10_y,walk_10_z
0,0,0,0,0,0,0,0,0,0,0,0,0,0,0,0,0,0,0,0,0,0,0,0,0,0,0,0,0,0,0
1,0,1,0,1,-1,1,-1,1,-1,-1,1,0,1,0,1,0,0,0,-1,0,1,0,-1,-1,-1,-1,0,1,0,0
2,0,0,0,2,-2,1,-1,0,0,-1,0,-1,1,1,0,1,-1,-1,-1,0,2,-1,-2,-1,0,0,-1,1,-1,-1
3,0,0,-1,3,-2,1,0,1,0,-1,1,0,2,2,0,1,-2,-1,-2,1,2,0,-1,0,0,-1,-2,0,-1,-2
4,0,-1,0,4,-3,1,-1,2,0,0,0,-1,1,2,0,2,-3,-2,-1,1,3,-1,0,1,1,-1,-2,0,0,-2
5,0,0,0,3,-2,2,-1,1,0,1,-1,-1,1,2,-1,3,-3,-2,-2,1,2,-2,0,0,0,-1,-2,0,1,-1
6,0,-1,0,4,-2,3,0,2,1,2,-2,0,2,2,-1,4,-2,-1,-3,2,3,-1,1,-1,0,0,-1,0,0,-2
7,0,-1,-1,5,-2,2,0,3,1,2,-3,0,3,1,0,3,-1,-2,-4,2,3,-1,1,-2,1,1,-2,1,0,-1
8,0,-2,-1,6,-2,2,1,4,1,1,-2,1,4,2,1,4,-2,-3,-5,3,4,-2,1,-2,1,1,-1,2,-1,-1
9,-1,-3,-2,5,-1,3,2,5,0,2,-3,1,5,1,1,4,-2,-4,-4,4,3,-2,2,-1,0,1,0,1,0,-1
10,-1,-2,-1,5,-1,3,2,5,1,2,-2,2,6,0,2,3,-2,-4,-3,5,4,-1,2,-1,-1,2,0,2,1,-1
11,-2,-3,-2,6,-2,4,3,6,0,3,-3,1,7,-1,3,3,-2,-5,-2,4,5,0,3,0,0,2,-1,3,1,-1
12,-3,-2,-3,7,-1,4,3,7,0,4,-2,0,6,-2,4,4,-1,-4,-3,3,6,1,2,1,-1,2,0,4,1,-1
13,-2,-3,-3,6,0,5,4,8,1,4,-3,0,5,-2,3,3,-1,-5,-2,2,5,1,2,2,-1,2,1,3,1,-1
14,-1,-4,-2,5,0,6,3,7,1,3,-4,0,6,-3,2,4,-2,-4,-1,1,6,2,1,1,-1,3,2,3,0,-1
15,-1,-3,-2,4,0,7,2,7,2,4,-4,0,6,-2,2,5,-1,-3,0,2,7,1,0,1,-2,4,2,2,1,0
16,0,-3,-2,4,1,7,3,6,3,3,-5,0,7,-3,2,4,-2,-2,0,3,8,1,-1,1,-2,3,3,3,0,-1
17,-1,-3,-1,3,1,7,4,6,4,4,-6,0,7,-2,1,5,-1,-2,-1,2,9,1,-1,1,-2,4,4,2,1,0
18,0,-2,-1,2,2,7,3,6,3,3,-7,1,6,-3,1,5,-2,-1,-2,1,10,1,-2,0,-1,3,4,1,1,-1
19,0,-3,-2,3,2,7,3,5,2,4,-8,1,6,-2,1,6,-1,0,-2,1,10,2,-2,-1,-1,2,3,1,0,0
20,1,-4,-3,4,2,6,3,5,2,4,-8,1,5,-2,2,7,-1,-1,-1,0,11,2,-3,-1,0,2,2,0,0,-1
21,2,-3,-2,4,1,6,4,6,2,3,-8,1,6,-2,2,6,-2,0,-1,-1,12,1,-3,-1,1,3,1,-1,-1,-1
22,3,-3,-2,3,0,6,5,6,1,4,-9,2,7,-3,1,5,-1,1,-1,-1,11,2,-4,-1,0,2,0,0,0,-1
23,3,-2,-3,4,-1,7,4,7,1,3,-10,2,7,-2,1,5,0,1,0,-1,10,1,-3,-1,-1,1,-1,-1,-1,-1
24,3,-3,-2,4,-1,8,5,6,2,3,-11,3,6,-2,0,5,-1,1,-1,0,9,1,-3,-2,-1,0,-2,0,0,0
25,4,-2,-2,4,-2,7,4,7,2,3,-11,3,7,-3,-1,5,-1,0,-2,0,8,1,-4,-1,0,0,-2,-1,0,1
26,3,-3,-3,4,-2,8,5,8,1,3,-11,3,6,-3,-1,6,0,0,-3,0,9,1,-4,-2,0,0,-1,-2,0,1
27,4,-2,-2,5,-3,9,6,7,0,2,-12,4,7,-2,-2,5,0,-1,-3,1,10,0,-5,-2,0,1,-1,-3,-1,2
28,4,-2,-1,4,-4,10,5,8,0,3,-13,5,6,-1,-2,6,1,-2,-3,2,11,1,-5,-1,1,0,-2,-3,-1,1
29,3,-1,-1,5,-4,10,6,7,0,4,-14,6,5,-1,-2,5,1,-2,-4,1,11,1,-5,-2,0,1,-3,-2,-2,0
30,3,-2,-1,6,-4,9,5,8,0,5,-15,5,4,-1,-1,4,0,-3,-4,1,10,2,-6,-1,1,2,-4,-2,-1,0
31,4,-3,0,6,-4,9,5,7,-1,4,-15,4,5,-1,-1,3,0,-4,-4,1,11,2,-6,-1,1,1,-4,-2,-2,1
32,4,-3,0,6,-5,10,5,7,-1,5,-15,5,4,-1,-2,4,1,-5,-4,0,11,1,-6,0,1,1,-3,-3,-2,2
33,3,-4,1,6,-4,9,4,7,-1,4,-16,5,4,-2,-3,5,1,-5,-4,-1,10,1,-6,0,0,1,-3,-2,-3,2
34,3,-5,0,7,-4,10,4,7,-2,5,-15,6,4,-2,-2,5,2,-6,-4,0,10,0,-7,-1,1,1,-3,-3,-4,3
35,4,-6,1,7,-3,9,5,8,-3,5,-16,6,3,-2,-1,4,1,-5,-5,-1,9,-1,-6,-1,1,0,-4,-3,-5,4
36,3,-5,0,8,-3,10,4,7,-4,5,-17,6,2,-3,0,3,1,-6,-5,-2,9,-1,-6,-1,0,-1,-5,-3,-4,4
37,3,-5,-1,9,-4,10,4,8,-5,5,-17,7,1,-2,-1,3,0,-7,-6,-3,9,0,-6,-1,1,-1,-4,-4,-4,5
38,2,-6,-1,9,-4,9,5,8,-6,6,-18,7,1,-2,-1,4,0,-7,-7,-4,8,-1,-6,-1,1,0,-3,-5,-4,6
39,1,-5,0,8,-4,9,6,9,-7,6,-19,7,1,-2,0,5,-1,-8,-7,-4,7,-2,-7,-2,0,0,-2,-4,-4,7
40,1,-4,0,9,-5,8,5,9,-7,6,-20,7,2,-1,1,6,0,-8,-7,-4,8,-2,-6,-3,1,-1,-1,-5,-4,8
41,1,-3,0,10,-5,9,4,9,-6,6,-19,8,3,-1,2,7,-1,-8,-6,-3,9,-2,-5,-2,1,-2,-1,-4,-5,7
42,2,-2,0,9,-5,10,3,8,-5,7,-18,9,3,-2,2,7,-1,-9,-5,-4,9,-3,-4,-2,2,-3,-1,-5,-5,8
43,1,-1,1,10,-4,10,3,9,-6,7,-17,8,3,-1,2,6,-1,-10,-5,-3,10,-4,-4,-3,2,-2,-1,-5,-4,8
44,1,-2,2,10,-3,11,3,9,-5,8,-16,7,3,-2,3,7,-2,-11,-6,-2,11,-3,-4,-4,3,-3,0,-6,-4,9
45,0,-2,1,10,-2,12,3,8,-6,7,-16,8,2,-1,2,8,-3,-11,-7,-2,10,-2,-3,-3,2,-2,1,-5,-3,9
46,0,-1,1,10,-2,11,2,7,-6,7,-17,9,3,-2,3,9,-2,-12,-8,-3,11,-3,-2,-2,3,-1,1,-4,-4,8
47,0,-1,2,11,-1,11,1,8,-5,8,-17,10,2,-3,4,10,-2,-12,-8,-3,11,-3,-1,-1,2,0,1,-5,-5,9
48,-1,-2,3,10,-2,11,0,8,-4,8,-18,9,2,-2,4,9,-3,-13,-8,-2,10,-3,0,-2,2,0,0,-6,-5,9
49,-2,-2,3,9,-3,11,1,8,-5,7,-19,9,1,-2,5,9,-4,-14,-8,-1,10,-4,0,-1,3,0,-1,-5,-4,8
50,-1,-2,3,8,-2,12,0,8,-5,7,-19,10,2,-3,5,9,-5,-14,-7,-1,11,-3,1,0,3,1,0,-4,-5,7
51,0,-1,4,8,-3,13,1,9,-4,6,-20,10,3,-4,6,8,-4,-15,-8,-2,11,-3,0,0,3,1,0,-4,-6,7
52,0,-2,4,9,-2,12,1,9,-3,5,-19,10,4,-3,5,7,-3,-15,-8,-1,11,-4,1,1,3,1,1,-4,-7,6
53,1,-1,3,9,-3,12,2,9,-2,5,-19,11,3,-2,4,7,-2,-16,-9,-1,11,-5,1,0,3,2,2,-4,-7,5
54,1,-2,3,8,-3,11,3,8,-2,6,-20,11,2,-3,3,7,-2,-15,-10,-2,12,-4,0,0,3,1,1,-3,-8,4
55,2,-3,4,9,-2,10,3,8,-1,6,-19,12,1,-4,3,6,-1,-15,-9,-2,13,-3,1,-1,4,1,1,-4,-9,5
56,2,-3,4,9,-3,11,4,8,-2,5,-19,11,0,-4,4,5,-1,-14,-8,-2,14,-4,1,-2,3,2,2,-3,-10,4
57,2,-4,5,9,-2,10,3,8,-2,4,-18,12,0,-5,3,4,-2,-15,-8,-1,14,-5,0,-2,4,3,3,-2,-10,5
58,2,-5,6,10,-2,9,3,8,-1,3,-18,12,-1,-5,3,4,-3,-15,-9,0,13,-6,1,-3,3,4,2,-1,-9,4
59,1,-5,5,11,-3,8,2,8,0,2,-17,11,-2,-6,4,5,-3,-16,-9,-1,12,-7,2,-4,2,5,2,-1,-10,5
60,1,-5,4,12,-4,9,3,7,-1,2,-16,12,-3,-5,3,4,-4,-17,-10,0,11,-6,2,-3,2,5,3,-1,-11,5
61,2,-4,4,13,-5,8,3,7,0,1,-17,12,-3,-4,2,4,-5,-18,-10,0,12,-6,3,-3,3,5,3,-1,-10,4
62,1,-3,5,14,-5,8,4,6,-1,1,-18,11,-4,-4,3,5,-4,-19,-10,1,13,-7,3,-2,4,5,3,-2,-10,4
63,1,-4,6,13,-5,9,5,7,-1,1,-17,12,-5,-5,2,6,-5,-18,-11,1,14,-8,3,-2,5,4,2,-3,-9,3
64,1,-4,5,14,-5,9,4,7,-1,1,-17,12,-5,-5,2,7,-6,-17,-12,0,13,-7,3,-3,5,4,1,-4,-9,4
65,2,-4,5,13,-4,10,3,7,0,0,-18,11,-6,-4,2,8,-6,-16,-13,-1,12,-8,4,-4,5,5,1,-4,-10,5
66,3,-4,5,14,-3,11,4,7,1,-1,-18,12,-5,-3,2,9,-7,-15,-13,-1,12,-8,4,-3,4,6,2,-3,-10,6
67,4,-5,4,13,-4,11,4,6,1,-1,-19,11,-4,-2,2,9,-7,-14,-14,0,12,-9,5,-3,5,7,3,-4,-9,7
68,4,-5,4,13,-5,10,4,6,1,-1,-18,12,-4,-2,3,8,-6,-15,-13,-1,11,-9,5,-3,5,8,3,-3,-10,6
69,4,-4,4,12,-4,11,3,5,1,-2,-17,13,-3,-1,4,8,-6,-14,-12,0,10,-10,6,-3,6,8,3,-2,-10,6
70,5,-5,3,13,-4,12,4,5,0,-3,-18,12,-2,-2,4,9,-5,-13,-12,1,9,-11,5,-2,6,7,3,-3,-11,7
71,5,-6,2,13,-3,11,3,4,1,-4,-18,11,-1,-2,5,8,-6,-13,-13,0,10,-10,4,-1,6,8,4,-4,-11,7
72,6,-5,2,13,-2,11,2,4,1,-4,-19,12,-1,-3,4,9,-6,-13,-13,0,11,-9,5,-1,6,9,5,-4,-12,6
73,7,-4,2,14,-2,11,1,4,0,-5,-20,12,-1,-3,4,9,-6,-12,-12,0,11,-8,5,-2,7,9,4,-3,-11,5
74,7,-4,1,13,-1,12,1,3,-1,-6,-21,11,-2,-2,5,10,-6,-11,-12,-1,10,-7,5,-2,6,10,4,-2,-12,4
75,8,-4,1,14,-1,13,1,3,-1,-6,-22,12,-3,-1,4,10,-5,-12,-13,-1,10,-7,6,-1,5,9,5,-3,-13,4
76,8,-5,0,15,0,12,1,2,0,-6,-22,12,-2,-2,4,11,-4,-13,-13,0,9,-8,7,0,6,8,5,-4,-13,5
77,8,-5,-1,14,-1,11,1,3,1,-6,-22,11,-2,-1,3,12,-5,-12,-12,0,10,-8,8,0,7,9,4,-4,-12,6
78,8,-4,-1,14,0,12,2,3,2,-6,-22,10,-1,-2,2,11,-4,-12,-12,1,11,-7,7,0,8,10,4,-3,-11,5
79,7,-3,-1,13,-1,13,3,2,2,-7,-21,11,-1,-3,1,12,-4,-12,-11,1,11,-6,7,0,7,9,5,-2,-11,6
80,7,-3,-1,14,0,14,3,3,1,-8,-22,12,-1,-2,1,12,-4,-13,-11,1,12,-7,6,0,8,9,4,-3,-12,6
81,6,-2,-1,14,0,14,3,2,0,-8,-22,11,-1,-2,2,11,-5,-12,-11,2,11,-6,5,1,7,10,5,-4,-12,7
82,5,-1,-1,14,0,15,2,2,0,-7,-22,12,-2,-2,1,11,-6,-13,-12,3,12,-5,6,0,8,10,5,-3,-11,8
83,5,0,-1,13,1,16,2,3,0,-6,-22,11,-1,-1,2,10,-6,-13,-12,4,12,-4,7,1,8,11,4,-3,-12,9
84,5,-1,0,12,1,17,3,3,-1,-5,-23,10,0,-1,3,11,-6,-13,-12,4,12,-5,7,1,8,12,5,-4,-11,10
85,5,-1,0,13,0,17,2,2,-2,-4,-23,9,0,-2,2,12,-6,-14,-13,4,11,-4,6,1,8,12,5,-3,-11,9
86,5,-2,1,13,1,17,3,3,-2,-5,-24,8,-1,-1,1,11,-6,-13,-13,4,11,-4,6,2,9,13,4,-4,-12,8
87,5,-2,0,13,2,16,2,2,-3,-5,-24,9,-1,-1,2,12,-6,-13,-12,3,12,-5,5,1,8,13,5,-3,-12,9
88,6,-2,-1,12,2,17,1,3,-2,-5,-23,10,0,0,1,12,-6,-12,-11,4,11,-4,6,0,7,13,6,-4,-11,9
89,5,-3,-1,11,3,18,2,3,-1,-6,-22,9,-1,1,2,12,-7,-12,-12,5,11,-3,5,1,8,12,6,-5,-10,9
90,6,-3,-2,11,2,17,1,2,-1,-5,-23,10,0,2,3,12,-6,-13,-11,4,11,-3,5,1,8,12,7,-4,-9,9
91,6,-3,-1,10,1,18,0,3,-2,-5,-22,10,0,2,3,12,-7,-12,-12,3,12,-3,5,1,7,11,6,-4,-8,8
92,7,-3,-2,10,2,18,0,2,-2,-5,-21,11,-1,3,3,12,-8,-12,-12,3,12,-4,4,1,6,11,5,-3,-8,9
93,8,-3,-2,11,1,17,-1,1,-3,-5,-20,12,-1,3,3,12,-7,-11,-13,3,11,-4,4,1,5,12,4,-3,-8,8
94,9,-3,-3,11,2,18,0,1,-4,-5,-19,13,-2,2,4,13,-8,-12,-12,2,10,-5,5,1,5,12,5,-2,-9,9
95,8,-4,-2,10,1,18,-1,1,-3,-5,-19,14,-2,2,5,13,-9,-11,-11,3,11,-4,5,0,6,12,6,-3,-8,10
96,9,-4,-2,10,2,17,-2,1,-4,-5,-19,15,-1,3,4,13,-9,-12,-12,3,11,-4,4,-1,6,12,6,-4,-8,9
97,8,-5,-1,10,2,18,-1,0,-3,-6,-19,16,-2,3,5,14,-10,-13,-13,3,12,-5,4,0,7,11,5,-5,-7,9
98,7,-5,0,11,3,19,0,0,-4,-5,-18,15,-1,3,4,14,-11,-14,-12,2,13,-6,5,0,6,11,4,-4,-7,8
99,8,-6,1,12,3,20,1,0,-5,-4,-17,14,0,2,4,14,-11,-14,-13,1,13,-5,4,-1,6,10,5,-5,-7,9
100,7,-5,1,12,2,21,1,0,-5,-3,-17,13,1,3,5,13,-12,-15,-13,0,12,-4,3,-1,7,10,6,-6,-6,8
101,7,-6,1,11,3,21,1,1,-6,-2,-18,12,1,4,6,13,-13,-16,-14,1,13,-5,4,0,6,9,6,-5,-7,7
102,7,-7,0,12,3,21,1,1,-7,-1,-18,11,0,4,7,14,-13,-15,-14,2,13,-4,5,-1,7,10,6,-6,-7,8
103,6,-7,0,11,4,20,0,2,-6,-2,-19,12,1,3,7,14,-13,-16,-14,2,14,-5,5,0,7,11,5,-7,-7,7
104,5,-6,1,12,3,20,0,3,-5,-3,-20,11,0,3,7,14,-13,-16,-15,1,15,-5,6,-1,7,11,6,-8,-8,8
105,4,-5,1,13,2,21,1,2,-6,-3,-21,12,1,3,6,15,-14,-16,-14,1,16,-5,5,0,7,12,7,-7,-7,9
106,3,-5,1,13,1,20,0,1,-7,-4,-20,12,0,3,6,14,-14,-17,-15,0,15,-6,6,0,8,11,8,-6,-6,8
107,4,-4,0,13,1,21,-1,0,-7,-5,-20,11,0,2,5,14,-13,-16,-16,-1,15,-5,5,-1,9,10,7,-7,-5,9
108,4,-4,-1,13,0,22,-2,0,-6,-6,-20,11,-1,3,6,14,-12,-16,-16,-2,16,-5,6,-1,8,11,7,-6,-4,8
109,4,-5,-1,14,1,22,-3,0,-7,-6,-19,11,-1,2,5,14,-13,-16,-16,-3,17,-6,6,0,9,12,8,-7,-5,9
110,3,-6,0,13,2,22,-4,-1,-6,-7,-19,11,-1,1,4,13,-13,-17,-15,-2,18,-7,5,-1,8,11,9,-8,-4,8
111,4,-5,0,12,1,22,-4,-1,-5,-6,-19,12,-2,1,3,12,-12,-17,-16,-3,18,-8,4,0,9,11,10,-9,-4,9
112,3,-5,-1,13,0,21,-3,-2,-5,-6,-19,13,-3,1,2,11,-13,-18,-15,-4,18,-8,3,0,8,11,9,-9,-5,8
113,2,-4,0,13,0,20,-4,-3,-6,-5,-20,14,-3,0,2,10,-12,-18,-15,-5,17,-7,3,-1,8,11,10,-9,-5,8
114,1,-4,1,14,1,21,-5,-2,-7,-4,-21,14,-4,-1,3,11,-12,-18,-14,-4,16,-8,4,-2,8,10,9,-10,-4,8
115,1,-3,1,13,2,21,-6,-2,-6,-4,-20,15,-5,-2,3,10,-11,-19,-13,-4,15,-7,5,-2,9,9,9,-9,-4,9
116,0,-4,1,13,3,22,-7,-1,-7,-4,-19,16,-4,-3,2,11,-10,-20,-13,-4,16,-7,6,-3,8,9,9,-9,-3,10
117,-1,-4,1,14,2,21,-6,-2,-6,-5,-20,16,-3,-3,3,11,-9,-21,-13,-4,16,-6,7,-4,7,9,10,-10,-2,11
118,-2,-4,1,13,2,20,-6,-1,-5,-4,-20,16,-3,-4,2,10,-8,-20,-12,-3,15,-7,7,-5,8,8,9,-11,-3,10
119,-3,-5,2,13,2,21,-6,-2,-4,-3,-19,17,-4,-4,1,11,-9,-19,-13,-3,16,-7,7,-4,9,7,9,-10,-3,10
120,-3,-4,3,12,2,21,-7,-3,-5,-4,-20,17,-5,-5,0,10,-8,-18,-14,-2,17,-8,8,-4,8,7,9,-10,-2,10
121,-3,-4,4,13,3,20,-8,-4,-5,-5,-21,18,-5,-6,0,10,-8,-19,-13,-3,16,-7,9,-3,7,8,9,-11,-1,11
122,-4,-3,4,12,3,19,-8,-5,-4,-5,-22,18,-4,-7,0,10,-7,-20,-12,-2,16,-7,9,-2,6,8,8,-12,-1,12
123,-5,-3,5,12,4,18,-8,-6,-3,-4,-23,19,-3,-8,-1,11,-7,-20,-13,-3,16,-6,9,-2,5,9,7,-13,-2,13
124,-4,-4,4,12,3,17,-9,-6,-3,-4,-24,19,-2,-7,0,12,-8,-20,-12,-4,17,-5,8,-3,4,8,6,-13,-2,12
125,-5,-4,3,11,3,18,-9,-7,-3,-5,-25,20,-1,-7,1,11,-9,-19,-13,-3,18,-5,8,-4,5,9,7,-14,-1,11
126,-4,-4,3,11,4,19,-8,-7,-3,-4,-26,21,-1,-7,0,11,-8,-18,-12,-3,18,-6,9,-3,4,9,7,-15,-2,11
127,-5,-4,4,12,5,18,-8,-6,-4,-3,-25,20,-2,-8,0,11,-9,-19,-12,-3,17,-5,8,-4,4,9,6,-15,-1,12
128,-4,-5,4,12,6,18,-7,-5,-4,-2,-24,20,-2,-8,-1,10,-8,-19,-13,-2,17,-5,7,-3,5,9,7,-14,-1,11
129,-3,-6,3,11,6,19,-6,-5,-3,-2,-25,20,-3,-7,-2,9,-9,-20,-13,-3,17,-6,8,-4,5,8,7,-13,0,12
130,-3,-7,4,11,6,19,-5,-5,-3,-2,-25,20,-2,-7,-3,8,-9,-21,-14,-2,17,-7,8,-4,6,7,7,-14,1,11
131,-4,-8,5,12,6,19,-6,-6,-4,-3,-24,19,-2,-7,-3,8,-10,-21,-13,-1,16,-8,8,-4,6,6,6,-14,1,12
132,-4,-7,6,11,7,18,-7,-7,-5,-2,-24,19,-3,-8,-4,7,-9,-21,-13,0,17,-7,7,-3,5,6,5,-15,0,11
133,-3,-8,6,12,7,17,-8,-8,-4,-1,-24,20,-4,-9,-4,7,-8,-22,-14,1,16,-6,8,-3,4,6,4,-15,-1,12
134,-3,-9,6,12,7,18,-9,-9,-4,-1,-25,20,-4,-8,-5,8,-7,-23,-13,1,16,-5,8,-2,4,5,5,-16,0,13
135,-4,-9,7,11,6,19,-9,-9,-3,0,-26,19,-3,-8,-6,9,-6,-24,-13,1,15,-4,9,-1,4,5,5,-17,1,12
136,-4,-8,6,11,5,19,-10,-9,-2,-1,-25,20,-3,-9,-7,8,-7,-24,-14,1,16,-4,8,-2,5,4,4,-18,0,13
137,-5,-8,5,12,6,19,-11,-8,-1,0,-25,21,-4,-9,-8,9,-6,-23,-13,2,17,-5,8,-2,5,3,3,-17,1,13
138,-4,-8,6,11,7,18,-11,-8,-1,1,-25,21,-5,-8,-7,8,-6,-24,-14,1,16,-6,7,-3,5,3,3,-18,2,13
139,-5,-7,6,10,8,19,-10,-8,0,2,-24,22,-6,-7,-6,8,-5,-24,-15,0,15,-6,8,-3,6,2,3,-18,3,13
140,-6,-8,6,11,7,20,-10,-9,-1,1,-23,21,-5,-6,-6,8,-5,-24,-14,1,15,-6,9,-2,7,1,4,-17,3,14
141,-6,-7,5,10,6,20,-10,-9,0,2,-24,22,-5,-5,-6,7,-4,-24,-14,1,16,-7,9,-3,6,0,3,-17,2,13
142,-7,-6,6,9,7,19,-9,-8,0,3,-25,22,-4,-5,-6,8,-5,-23,-13,1,16,-8,10,-4,7,0,2,-16,3,14
143,-8,-5,6,10,7,18,-8,-8,-1,2,-26,21,-5,-5,-7,8,-4,-22,-12,0,17,-8,9,-3,6,-1,1,-17,3,15
144,-8,-5,7,11,7,17,-8,-9,0,1,-25,20,-4,-4,-8,8,-4,-21,-13,0,18,-8,10,-2,6,0,2,-16,4,16
145,-9,-4,6,11,8,18,-8,-8,-1,2,-25,20,-5,-4,-9,9,-4,-21,-14,1,19,-9,10,-2,7,0,1,-15,4,17
146,-8,-4,5,12,8,19,-8,-8,0,2,-24,20,-5,-4,-10,9,-3,-21,-15,0,20,-9,11,-3,6,-1,0,-14,3,17
147,-7,-4,5,12,7,19,-7,-7,-1,2,-25,20,-5,-3,-10,9,-2,-21,-15,0,21,-9,12,-4,6,-1,0,-13,2,16
148,-7,-4,4,12,6,20,-7,-6,-2,3,-24,21,-4,-3,-10,9,-1,-20,-14,1,21,-9,11,-4,7,0,-1,-12,2,15
149,-6,-4,5,12,7,20,-6,-5,-2,4,-25,22,-5,-3,-10,8,-1,-20,-13,2,20,-9,12,-5,6,0,-1,-13,1,16
150,-6,-4,5,11,7,21,-5,-6,-2,5,-25,21,-4,-2,-10,7,-2,-20,-12,3,20,-8,11,-5,7,1,0,-12,0,16
151,-5,-4,4,10,7,22,-5,-6,-3,5,-26,22,-3,-2,-9,8,-3,-20,-12,3,20,-8,11,-5,7,2,1,-13,-1,17
152,-6,-4,5,9,8,21,-5,-7,-4,6,-26,21,-2,-3,-10,7,-4,-21,-11,4,20,-8,12,-5,8,1,0,-12,0,17
153,-5,-4,4,10,7,21,-5,-8,-5,6,-25,21,-2,-2,-10,7,-5,-22,-10,5,20,-7,12,-5,8,0,0,-13,0,16
154,-4,-3,5,11,6,22,-5,-7,-4,5,-25,20,-1,-1,-9,7,-5,-21,-11,4,19,-7,12,-5,8,0,-1,-12,1,17
155,-3,-3,4,11,5,23,-5,-8,-3,5,-24,21,-2,-2,-8,7,-4,-20,-12,4,20,-8,12,-4,9,1,0,-11,2,18
156,-4,-4,4,11,5,22,-6,-7,-3,6,-24,22,-2,-1,-8,7,-5,-21,-12,4,19,-8,11,-4,8,0,0,-10,3,18
157,-4,-3,4,12,5,22,-6,-6,-4,7,-25,22,-3,-2,-9,8,-6,-20,-12,5,20,-7,11,-5,9,1,0,-10,2,19
158,-5,-3,4,13,4,21,-5,-6,-4,8,-24,22,-4,-2,-10,9,-7,-21,-13,4,21,-8,12,-6,10,2,-1,-11,1,18
159,-6,-4,4,12,5,22,-6,-5,-4,8,-25,23,-3,-2,-10,10,-7,-22,-13,5,22,-9,12,-7,11,3,0,-12,2,17
160,-5,-5,3,13,6,22,-7,-4,-4,9,-25,22,-4,-3,-10,11,-7,-22,-14,5,23,-10,11,-6,11,2,1,-12,1,18
161,-4,-5,3,14,5,22,-8,-3,-4,10,-24,22,-4,-3,-11,11,-7,-22,-15,6,24,-9,12,-6,11,2,0,-13,0,18
162,-3,-5,3,14,5,22,-7,-3,-3,10,-25,21,-4,-4,-12,11,-8,-22,-14,5,24,-8,12,-5,11,1,0,-12,0,19
163,-3,-6,3,14,4,21,-7,-2,-2,11,-25,22,-5,-5,-13,11,-8,-22,-14,4,25,-8,12,-4,10,2,1,-11,0,19
164,-2,-5,4,14,5,21,-7,-3,-1,11,-24,23,-6,-5,-12,12,-8,-22,-13,3,26,-9,11,-4,11,1,2,-11,-1,19
165,-3,-6,4,13,5,20,-7,-2,-2,10,-25,23,-5,-6,-11,11,-8,-23,-13,3,25,-9,11,-3,10,1,2,-10,-1,19
166,-4,-7,3,14,4,19,-6,-3,-3,11,-24,22,-6,-5,-11,11,-8,-22,-12,3,26,-8,10,-3,11,0,3,-10,0,19
167,-3,-6,2,14,3,19,-6,-2,-2,10,-23,22,-6,-5,-11,12,-9,-21,-12,4,26,-8,10,-2,12,0,3,-11,0,18
168,-4,-7,1,15,3,18,-6,-3,-1,9,-24,22,-5,-4,-12,11,-10,-21,-13,5,27,-8,10,-2,11,-1,3,-11,0,17
169,-4,-7,1,14,4,19,-5,-2,-1,10,-24,22,-5,-4,-13,11,-11,-22,-13,5,27,-9,11,-3,12,-1,2,-11,1,18
170,-5,-6,0,14,4,20,-6,-2,-2,9,-24,21,-6,-3,-14,10,-10,-23,-12,4,28,-8,10,-4,12,0,1,-12,2,19
171,-4,-7,0,13,5,20,-5,-2,-3,8,-25,20,-7,-2,-13,9,-9,-22,-13,4,28,-9,11,-3,13,1,2,-11,3,19
172,-4,-8,0,14,5,21,-6,-3,-4,7,-25,19,-6,-1,-13,8,-8,-23,-14,3,28,-9,11,-2,13,2,1,-10,4,18
173,-5,-9,-1,13,4,21,-6,-4,-4,6,-26,18,-5,-2,-13,8,-8,-22,-14,4,27,-9,10,-2,14,2,1,-10,3,18
174,-6,-8,0,14,4,22,-5,-5,-4,6,-27,17,-5,-3,-14,7,-9,-21,-15,3,28,-10,11,-3,13,3,2,-11,4,17
175,-6,-9,0,13,3,22,-5,-5,-4,5,-26,16,-4,-2,-15,6,-9,-21,-16,2,27,-9,10,-2,14,4,3,-10,5,18
176,-7,-10,0,14,4,23,-6,-4,-5,4,-26,16,-5,-1,-15,5,-9,-22,-17,1,26,-9,9,-1,14,4,3,-11,5,18
177,-8,-9,-1,15,4,22,-5,-4,-4,4,-25,15,-4,-2,-14,6,-10,-21,-16,0,25,-8,8,0,15,4,2,-11,5,18
178,-9,-9,-1,15,3,22,-4,-4,-3,3,-26,16,-4,-1,-13,7,-9,-21,-15,-1,25,-7,8,-1,15,5,1,-11,6,19
179,-10,-9,-1,14,3,23,-5,-5,-3,2,-26,15,-5,0,-13,8,-9,-21,-15,0,26,-8,9,-2,14,5,0,-12,6,18
180,-9,-9,-2,14,3,24,-4,-5,-2,3,-25,16,-6,1,-12,8,-10,-20,-14,1,26,-8,9,-1,14,4,-1,-12,5,17
181,-9,-10,-3,14,4,23,-4,-5,-1,3,-24,16,-5,2,-13,8,-10,-21,-14,2,25,-9,10,0,13,3,-1,-12,6,17
182,-10,-11,-4,15,3,22,-3,-5,-1,4,-24,17,-4,2,-14,9,-9,-20,-13,3,25,-8,11,-1,14,2,-1,-13,6,16
183,-9,-11,-5,16,3,23,-3,-5,-2,3,-25,16,-4,1,-15,9,-9,-19,-14,2,24,-8,11,-2,15,3,-2,-14,6,16
184,-9,-10,-6,15,3,22,-2,-4,-1,3,-24,17,-5,1,-14,8,-9,-20,-15,1,24,-7,10,-3,16,2,-1,-14,5,15
185,-10,-11,-6,14,2,22,-3,-4,-1,2,-24,17,-6,0,-13,7,-8,-19,-15,2,25,-8,9,-3,16,2,-1,-14,4,14
186,-10,-11,-7,13,1,21,-2,-3,0,2,-25,16,-7,-1,-14,8,-7,-19,-16,3,25,-7,10,-3,15,2,0,-14,3,14
187,-11,-12,-8,12,2,21,-3,-4,-1,3,-24,15,-6,-2,-15,7,-6,-20,-15,3,25,-8,11,-2,15,3,-1,-13,3,13
188,-12,-12,-7,13,1,20,-3,-5,-2,3,-24,15,-5,-3,-16,8,-5,-20,-14,4,26,-7,10,-2,16,3,-2,-12,4,14
189,-11,-12,-6,12,0,19,-2,-6,-1,2,-24,14,-5,-2,-15,7,-6,-20,-15,3,25,-6,10,-3,16,2,-2,-11,3,15
190,-12,-11,-6,11,0,18,-1,-6,-2,2,-24,13,-4,-3,-14,6,-5,-19,-14,2,25,-7,11,-2,16,2,-3,-10,3,14
191,-11,-11,-7,12,0,18,0,-7,-1,1,-23,12,-3,-2,-14,5,-6,-19,-15,1,24,-8,12,-2,16,3,-4,-11,4,14
192,-12,-10,-7,12,-1,18,1,-7,-2,1,-22,11,-2,-2,-13,4,-5,-18,-14,1,24,-7,11,-2,15,2,-3,-10,4,15
193,-11,-9,-6,12,-2,18,0,-8,-1,0,-23,12,-1,-3,-14,4,-6,-18,-15,1,23,-8,11,-3,15,3,-3,-9,5,15
194,-10,-9,-7,13,-2,18,-1,-8,-1,1,-22,12,-1,-2,-14,5,-7,-19,-14,2,24,-8,10,-3,15,2,-3,-10,6,16
195,-11,-9,-6,12,-2,18,-2,-8,-1,2,-23,12,-2,-2,-13,4,-8,-18,-14,3,23,-7,10,-3,16,3,-3,-10,7,17
196,-11,-10,-5,11,-2,19,-2,-7,-1,1,-24,11,-1,-2,-14,4,-7,-18,-13,3,22,-8,9,-2,15,4,-2,-11,7,18
197,-10,-11,-4,10,-1,18,-2,-7,-2,2,-23,10,-2,-2,-13,4,-6,-18,-12,3,21,-8,8,-2,16,3,-2,-10,6,17
198,-9,-12,-4,11,-1,19,-1,-8,-1,2,-22,11,-2,-3,-12,3,-6,-19,-11,3,22,-7,7,-3,15,3,-1,-10,7,16
199,-9,-13,-3,12,-2,19,-1,-7,-1,1,-21,12,-3,-2,-11,4,-7,-20,-12,2,22,-7,6,-4,14,2,-2,-9,6,15
200,-9,-12,-4,13,-3,20,0,-7,-1,1,-21,13,-2,-2,-10,4,-8,-20,-13,3,23,-6,5,-3,14,1,-3,-9,7,16
201,-8,-12,-4,12,-2,19,0,-8,0,1,-22,13,-2,-1,-9,5,-7,-19,-14,3,24,-7,5,-3,14,1,-4,-8,8,16
202,-7,-11,-4,11,-2,19,-1,-7,-1,0,-21,12,-2,-2,-10,6,-7,-20,-13,4,23,-7,5,-2,14,1,-4,-8,7,16
203,-6,-11,-5,12,-2,19,-2,-6,0,1,-22,13,-2,-1,-9,6,-6,-19,-14,4,23,-8,5,-3,14,0,-4,-7,7,16
204,-6,-10,-6,11,-1,20,-1,-7,0,2,-21,14,-3,0,-9,6,-7,-20,-13,4,24,-7,5,-2,15,0,-3,-8,7,16
205,-5,-11,-7,11,-1,19,-2,-8,-1,1,-21,15,-4,0,-9,5,-6,-21,-14,5,24,-8,4,-3,14,1,-2,-9,8,16
206,-6,-11,-8,12,-2,19,-1,-8,0,1,-21,15,-5,0,-10,5,-6,-22,-14,5,23,-7,5,-4,15,2,-1,-8,9,15
207,-7,-11,-9,12,-2,20,-1,-7,1,2,-22,14,-6,-1,-10,6,-5,-22,-13,5,24,-7,6,-4,16,2,-2,-9,8,15
208,-6,-12,-9,13,-2,20,-2,-8,0,1,-22,14,-5,-1,-9,6,-6,-21,-13,4,23,-7,7,-4,15,1,-3,-9,9,14
209,-7,-12,-9,12,-1,19,-3,-7,0,2,-23,13,-5,-1,-10,7,-7,-21,-14,4,24,-8,8,-4,14,0,-4,-10,8,14
210,-8,-11,-9,11,-1,18,-3,-6,-1,3,-22,13,-4,-2,-11,7,-6,-21,-13,5,23,-8,7,-3,13,0,-5,-9,8,15
211,-7,-10,-9,12,-2,19,-4,-6,-1,4,-22,14,-3,-1,-11,8,-7,-21,-14,4,23,-7,7,-4,13,-1,-5,-8,7,15
212,-6,-11,-9,12,-1,19,-5,-7,-2,3,-22,15,-4,0,-12,9,-8,-22,-15,5,23,-8,8,-4,12,-2,-5,-9,8,14
213,-5,-12,-10,13,0,18,-5,-8,-1,4,-23,15,-5,1,-11,10,-9,-23,-16,4,23,-9,9,-3,12,-2,-6,-10,8,15
214,-6,-12,-11,14,0,17,-6,-7,0,5,-22,14,-6,1,-11,10,-10,-22,-17,3,24,-8,8,-3,11,-3,-5,-10,8,14
215,-5,-12,-11,14,-1,16,-6,-8,-1,4,-21,15,-7,1,-12,11,-11,-22,-16,3,23,-7,9,-2,12,-4,-4,-11,7,14
216,-6,-13,-11,14,-2,15,-5,-9,-1,5,-20,16,-7,1,-11,10,-12,-23,-16,2,22,-6,8,-3,11,-4,-5,-12,8,15
217,-7,-14,-11,14,-1,14,-5,-9,0,4,-21,17,-8,0,-11,11,-13,-22,-15,3,22,-7,9,-3,11,-4,-6,-13,9,16
218,-8,-14,-12,13,0,13,-5,-10,0,3,-20,18,-9,0,-11,12,-12,-23,-16,4,23,-7,10,-2,10,-5,-7,-12,9,16
219,-9,-14,-11,13,0,12,-5,-11,1,3,-19,17,-10,-1,-11,13,-12,-23,-15,4,24,-8,10,-2,10,-6,-8,-11,8,16
220,-8,-14,-12,14,1,11,-5,-11,1,4,-20,18,-10,-1,-10,12,-12,-23,-15,3,25,-8,10,-1,9,-5,-9,-10,7,17
221,-8,-13,-12,14,1,11,-6,-10,0,3,-19,18,-9,-1,-10,11,-11,-22,-14,2,26,-8,9,-1,9,-4,-9,-10,8,18
222,-8,-13,-13,15,0,11,-6,-10,0,4,-18,19,-10,-2,-11,11,-12,-23,-15,2,27,-7,9,-1,9,-5,-8,-10,8,17
223,-9,-13,-13,15,0,11,-6,-11,-1,5,-19,18,-9,-2,-11,12,-13,-22,-15,2,27,-8,10,-2,10,-5,-7,-9,7,16
224,-9,-13,-12,15,1,12,-7,-12,0,4,-18,17,-9,-1,-12,13,-12,-22,-14,2,27,-8,10,-1,9,-4,-7,-8,7,17
225,-8,-13,-13,14,1,12,-6,-11,-1,3,-17,16,-10,-2,-13,14,-11,-22,-14,3,26,-9,9,-2,8,-4,-8,-7,7,16
226,-9,-13,-13,13,2,13,-6,-10,-1,2,-17,16,-10,-1,-13,13,-12,-23,-13,3,25,-9,10,-3,9,-5,-8,-7,7,17
227,-10,-14,-13,12,1,14,-7,-11,-2,2,-16,16,-9,-2,-12,12,-13,-24,-12,3,24,-8,9,-2,10,-4,-7,-8,6,16
228,-10,-14,-14,12,1,13,-7,-10,-3,1,-16,15,-8,-2,-13,12,-12,-24,-12,4,24,-8,10,-3,11,-5,-7,-7,6,16
229,-10,-15,-15,13,1,13,-6,-10,-4,2,-17,16,-9,-2,-12,12,-12,-23,-11,3,25,-9,10,-2,11,-6,-7,-6,7,17
230,-11,-16,-15,14,2,12,-5,-10,-3,2,-17,17,-10,-3,-13,12,-12,-23,-11,4,24,-8,10,-1,11,-7,-7,-6,8,16
231,-11,-16,-16,14,3,12,-6,-9,-3,3,-18,16,-10,-4,-14,11,-11,-22,-10,3,24,-7,9,-1,10,-6,-7,-6,7,15
232,-11,-16,-17,13,4,13,-5,-8,-4,2,-17,16,-9,-4,-14,12,-11,-23,-10,4,24,-7,10,0,10,-7,-8,-5,7,15
233,-11,-16,-16,14,5,14,-6,-8,-4,3,-18,15,-10,-5,-13,13,-12,-22,-9,3,25,-7,11,0,10,-6,-7,-5,7,16
234,-10,-17,-16,14,5,13,-5,-8,-5,4,-19,16,-9,-6,-14,13,-11,-22,-8,2,26,-7,11,-1,9,-6,-8,-6,7,15
235,-9,-17,-17,13,6,12,-4,-8,-5,3,-19,16,-10,-6,-14,14,-11,-21,-8,3,26,-6,10,0,10,-7,-8,-7,7,16
236,-9,-16,-16,13,7,11,-4,-9,-4,3,-20,16,-9,-5,-14,14,-11,-21,-8,3,25,-5,11,-1,11,-8,-8,-6,6,16
237,-8,-16,-16,12,7,12,-3,-9,-3,4,-21,16,-9,-5,-13,13,-12,-22,-7,4,25,-5,11,0,10,-9,-7,-6,6,16
238,-9,-17,-15,12,6,12,-3,-9,-2,5,-22,15,-9,-5,-13,12,-12,-21,-7,4,24,-5,10,1,9,-8,-6,-7,7,16
239,-10,-18,-15,11,5,11,-3,-10,-3,4,-21,14,-10,-6,-14,12,-12,-20,-8,4,25,-5,9,1,9,-8,-5,-6,8,16
240,-9,-19,-15,12,5,11,-3,-11,-2,5,-22,15,-10,-6,-13,12,-13,-19,-8,5,26,-4,8,0,10,-9,-4,-7,9,15
241,-10,-18,-15,12,6,11,-3,-12,-3,6,-23,14,-10,-6,-12,13,-13,-18,-9,6,26,-3,9,-1,11,-9,-5,-7,10,16
242,-11,-17,-15,12,5,11,-3,-13,-3,5,-24,14,-9,-5,-12,12,-14,-18,-9,6,27,-4,9,-2,10,-10,-4,-6,10,17
243,-11,-16,-14,11,5,11,-2,-12,-4,5,-23,13,-8,-6,-12,12,-13,-19,-10,6,27,-3,9,-2,10,-11,-4,-7,9,18
244,-11,-16,-14,11,5,12,-1,-11,-5,4,-24,13,-8,-7,-12,12,-14,-20,-11,5,28,-4,8,-3,9,-10,-3,-8,10,17
245,-12,-16,-13,10,5,12,-2,-12,-4,3,-25,14,-8,-8,-12,13,-14,-19,-11,6,29,-5,7,-3,8,-9,-4,-9,10,18
246,-12,-16,-13,9,4,13,-1,-11,-3,4,-24,14,-7,-8,-11,12,-14,-20,-11,5,29,-4,8,-2,9,-9,-5,-9,9,19
247,-13,-15,-13,10,3,12,0,-11,-4,5,-24,13,-8,-9,-10,13,-13,-21,-10,5,29,-4,8,-1,10,-8,-6,-8,9,18
248,-13,-16,-12,11,4,12,1,-10,-3,5,-24,14,-8,-10,-9,13,-14,-20,-10,4,28,-4,7,-1,10,-8,-5,-7,8,18
249,-12,-16,-11,11,5,11,0,-11,-4,6,-23,13,-7,-11,-8,12,-13,-20,-10,3,29,-5,6,-1,9,-7,-6,-6,9,18
250,-13,-16,-10,12,5,11,0,-10,-4,5,-22,13,-6,-10,-9,11,-13,-19,-10,3,28,-4,7,-1,8,-6,-5,-5,9,19
251,-14,-15,-11,12,6,12,0,-9,-3,5,-22,12,-5,-11,-10,10,-13,-19,-10,2,29,-5,7,-1,8,-5,-6,-4,10,20
252,-14,-16,-10,11,6,12,-1,-10,-2,6,-21,12,-4,-11,-11,9,-14,-19,-10,2,30,-6,6,-2,8,-4,-5,-5,9,21
253,-13,-16,-9,10,5,11,-2,-11,-1,7,-21,13,-3,-11,-11,8,-15,-19,-9,2,29,-6,7,-2,8,-4,-4,-6,9,22
254,-14,-15,-9,9,6,12,-3,-11,-1,8,-20,12,-4,-12,-12,7,-15,-18,-8,3,28,-6,6,-1,8,-3,-4,-5,10,22
255,-15,-14,-8,9,6,11,-2,-10,-1,7,-21,12,-4,-13,-12,8,-14,-18,-7,4,28,-7,5,-1,7,-2,-5,-4,10,23
256,-14,-15,-7,8,6,12,-1,-10,-2,8,-21,12,-3,-13,-12,7,-15,-17,-8,5,29,-6,4,0,7,-3,-5,-4,9,22
257,-14,-16,-8,8,5,13,-2,-9,-3,7,-20,11,-4,-12,-13,8,-16,-17,-9,5,28,-6,5,0,6,-3,-5,-3,8,21
258,-13,-16,-8,7,5,12,-1,-8,-4,7,-21,12,-4,-13,-14,9,-15,-18,-8,4,28,-6,6,0,5,-3,-5,-4,8,21
259,-14,-17,-9,6,6,12,0,-7,-5,6,-20,11,-3,-13,-15,10,-14,-19,-8,3,27,-6,7,0,4,-2,-4,-3,9,20
260,-14,-16,-8,7,5,11,1,-8,-5,5,-21,12,-3,-12,-15,9,-15,-18,-9,4,28,-7,8,0,4,-2,-5,-4,9,20
261,-14,-17,-7,6,6,12,1,-8,-5,5,-21,11,-2,-13,-14,9,-16,-19,-10,3,27,-7,7,0,5,-2,-6,-4,9,20
262,-13,-18,-7,5,5,11,2,-8,-4,4,-22,10,-2,-14,-13,10,-16,-20,-11,3,26,-6,6,1,6,-3,-7,-3,10,20
263,-14,-18,-6,4,6,10,1,-7,-5,4,-23,9,-3,-13,-12,10,-15,-20,-11,3,25,-5,5,1,7,-4,-8,-3,9,21
264,-15,-19,-5,5,7,10,2,-7,-4,5,-24,9,-3,-14,-12,11,-15,-20,-12,4,25,-4,5,2,8,-4,-8,-2,8,20
265,-15,-19,-4,6,7,11,2,-8,-3,6,-23,10,-3,-15,-12,12,-14,-21,-12,3,25,-4,6,2,7,-5,-9,-1,8,21
266,-16,-19,-4,6,8,10,2,-8,-3,5,-24,10,-4,-16,-12,11,-13,-22,-13,3,24,-5,6,3,7,-6,-9,-2,7,21
267,-16,-19,-3,7,7,10,2,-9,-2,6,-24,11,-3,-16,-12,11,-14,-23,-14,3,23,-6,7,4,7,-5,-8,-3,7,21
268,-15,-20,-4,7,7,11,1,-8,-2,6,-23,10,-4,-16,-11,12,-13,-24,-15,2,24,-6,6,5,7,-6,-8,-2,6,20
269,-16,-21,-3,8,8,10,1,-8,-3,5,-23,10,-5,-17,-11,13,-13,-24,-14,2,25,-5,6,4,7,-7,-8,-2,6,19
270,-17,-21,-2,8,7,11,0,-9,-3,6,-23,10,-5,-18,-11,14,-13,-23,-14,2,24,-5,6,3,7,-8,-8,-3,5,19
271,-17,-20,-2,7,7,10,0,-9,-4,7,-24,10,-5,-18,-10,13,-12,-22,-13,3,24,-6,5,2,8,-8,-9,-3,4,18
272,-17,-19,-2,7,7,9,-1,-9,-5,6,-25,11,-6,-18,-10,14,-12,-23,-14,3,23,-6,4,2,9,-8,-8,-2,4,18
273,-16,-18,-1,7,8,8,-2,-8,-4,6,-25,11,-5,-18,-9,13,-12,-24,-15,3,22,-5,3,2,8,-7,-9,-3,4,18
274,-16,-19,0,8,8,9,-3,-7,-5,7,-26,12,-5,-17,-9,12,-13,-23,-16,2,22,-6,4,2,8,-8,-9,-4,4,19
275,-17,-18,1,9,8,10,-3,-6,-5,6,-25,13,-6,-16,-10,13,-14,-23,-17,3,21,-6,4,3,7,-9,-10,-3,4,20
276,-18,-18,1,8,7,9,-4,-6,-4,5,-26,12,-6,-16,-10,13,-14,-23,-16,4,22,-5,4,4,8,-9,-10,-4,4,19
277,-18,-19,1,9,7,10,-4,-5,-4,4,-27,11,-5,-16,-9,13,-14,-23,-17,5,22,-4,4,5,7,-10,-11,-5,3,18
278,-17,-19,1,8,7,10,-4,-6,-5,3,-27,12,-6,-15,-8,14,-14,-23,-17,4,23,-4,3,4,7,-9,-11,-5,4,18
279,-18,-20,1,8,6,9,-5,-5,-5,4,-26,11,-6,-14,-8,15,-15,-22,-17,4,22,-5,2,4,6,-8,-12,-6,4,19
280,-19,-21,0,8,7,9,-5,-5,-5,3,-25,11,-6,-14,-7,15,-15,-23,-17,5,23,-5,1,3,7,-9,-13,-7,5,19
281,-19,-21,-1,9,6,8,-4,-5,-6,3,-24,10,-6,-15,-6,15,-15,-24,-17,6,24,-5,0,3,6,-10,-12,-7,4,18
282,-20,-22,-1,9,6,7,-3,-6,-5,4,-23,10,-6,-15,-7,14,-15,-25,-16,7,24,-4,1,4,5,-11,-11,-7,4,19
283,-19,-23,-2,8,6,7,-3,-5,-4,5,-23,10,-7,-14,-6,15,-15,-26,-17,6,25,-3,2,4,4,-11,-10,-6,4,18
284,-20,-24,-3,9,5,7,-3,-6,-4,5,-24,10,-7,-15,-5,16,-16,-25,-17,7,24,-2,2,4,4,-12,-11,-5,3,17
285,-21,-25,-3,10,5,7,-3,-5,-4,6,-23,9,-7,-15,-5,15,-16,-24,-17,6,24,-1,3,4,5,-12,-10,-5,4,16
286,-22,-26,-2,10,6,8,-3,-5,-3,5,-22,8,-6,-14,-6,14,-15,-24,-18,7,23,0,4,4,5,-13,-11,-6,5,16
287,-22,-25,-2,10,6,9,-4,-5,-3,4,-21,8,-6,-14,-6,13,-15,-23,-17,6,23,-1,4,4,6,-13,-11,-7,4,17
288,-22,-26,-3,11,7,9,-5,-6,-3,4,-21,8,-6,-15,-5,14,-16,-23,-18,7,24,-1,4,3,7,-14,-11,-7,3,16
289,-22,-27,-2,11,6,8,-6,-6,-2,5,-22,7,-7,-15,-6,14,-15,-23,-17,6,23,-1,3,4,6,-13,-12,-7,3,16
290,-22,-27,-1,10,5,8,-5,-6,-2,5,-21,6,-6,-16,-6,14,-14,-24,-16,7,22,-2,2,4,6,-12,-13,-8,2,15
291,-22,-27,-1,11,4,8,-4,-6,-2,4,-22,6,-5,-17,-7,14,-13,-24,-17,6,22,-2,3,5,6,-12,-13,-8,2,16
292,-21,-27,-2,10,3,7,-5,-5,-3,3,-22,7,-5,-16,-7,15,-13,-24,-18,5,23,-2,4,5,6,-12,-13,-9,3,17
293,-22,-27,-3,9,4,8,-4,-5,-3,2,-22,7,-6,-17,-6,15,-13,-24,-18,4,24,-1,5,5,7,-13,-13,-10,4,16
294,-21,-26,-3,8,5,7,-5,-4,-4,2,-22,7,-6,-18,-7,14,-12,-23,-18,5,24,-2,4,6,6,-13,-13,-10,3,15
295,-21,-26,-4,8,6,7,-4,-3,-4,3,-22,7,-5,-18,-7,13,-11,-22,-18,5,24,-3,3,7,6,-14,-14,-9,4,14
296,-22,-27,-3,7,5,6,-5,-3,-4,3,-22,8,-6,-18,-7,13,-12,-22,-17,5,24,-2,3,6,5,-14,-15,-8,4,15
297,-22,-27,-2,6,6,6,-4,-4,-5,4,-21,9,-5,-17,-6,14,-13,-23,-18,5,23,-1,2,6,5,-15,-14,-9,3,14
298,-21,-27,-2,5,7,6,-4,-3,-5,4,-21,8,-6,-18,-5,14,-12,-22,-17,4,23,0,3,7,4,-15,-14,-8,2,13
299,-22,-28,-3,5,8,6,-5,-3,-4,4,-20,8,-7,-18,-4,13,-13,-21,-18,5,23,0,2,8,5,-15,-15,-7,1,14
300,-23,-29,-4,4,7,6,-6,-4,-3,3,-19,9,-6,-19,-4,12,-12,-20,-18,4,22,-1,2,7,6,-14,-15,-8,1,13
301,-24,-28,-3,4,6,7,-6,-5,-3,4,-19,8,-7,-19,-5,12,-11,-20,-17,4,21,-2,2,6,5,-15,-16,-8,2,12
302,-23,-27,-3,5,7,8,-5,-6,-3,5,-19,7,-8,-18,-5,11,-10,-19,-16,4,20,-1,3,5,5,-14,-15,-7,2,11
303,-22,-28,-2,4,7,8,-5,-7,-3,5,-20,7,-7,-19,-5,10,-11,-19,-17,4,19,-2,2,6,4,-14,-14,-8,1,12
304,-23,-27,-3,5,8,9,-4,-7,-3,4,-21,8,-6,-19,-4,10,-10,-20,-17,4,19,-3,1,7,3,-13,-13,-7,2,13
305,-23,-27,-3,4,7,9,-3,-7,-2,5,-21,8,-6,-18,-5,9,-9,-21,-16,5,20,-3,2,6,4,-14,-12,-8,2,14
306,-22,-27,-2,4,8,10,-4,-6,-3,5,-22,7,-7,-17,-4,8,-9,-20,-15,5,20,-4,2,7,3,-14,-12,-7,1,14
307,-22,-26,-2,4,9,9,-5,-5,-4,6,-23,7,-6,-18,-3,9,-9,-21,-16,5,21,-4,1,6,2,-13,-13,-8,2,14
308,-22,-27,-2,5,9,8,-4,-4,-4,6,-22,7,-7,-19,-2,8,-8,-20,-15,4,20,-3,1,5,3,-13,-12,-8,1,15
309,-23,-28,-2,4,8,7,-3,-5,-3,7,-22,7,-7,-18,-2,8,-9,-20,-14,5,20,-3,0,4,2,-13,-11,-7,0,15
310,-22,-27,-3,5,9,6,-3,-6,-2,7,-23,8,-8,-17,-3,7,-9,-19,-15,4,21,-4,0,4,3,-13,-11,-8,0,14
311,-22,-27,-3,6,8,7,-3,-7,-2,6,-22,9,-8,-17,-4,6,-8,-18,-16,5,20,-3,1,3,2,-14,-12,-8,-1,13
312,-21,-27,-3,7,8,7,-4,-7,-2,5,-23,10,-8,-17,-4,7,-7,-17,-15,6,21,-2,1,2,2,-15,-11,-8,0,13
313,-20,-27,-4,8,7,8,-4,-8,-3,6,-22,11,-8,-16,-4,7,-6,-16,-15,5,20,-2,0,3,2,-14,-12,-8,1,14
314,-20,-27,-4,8,8,8,-4,-7,-3,7,-21,12,-9,-17,-4,7,-5,-15,-14,4,20,-1,0,2,1,-14,-12,-9,0,13
315,-21,-28,-3,8,8,9,-5,-7,-2,7,-22,11,-8,-18,-4,6,-5,-14,-15,5,20,-2,0,2,2,-13,-11,-10,0,12
316,-20,-28,-3,8,8,9,-4,-8,-1,8,-22,11,-8,-17,-4,5,-5,-13,-15,6,20,-3,1,2,1,-12,-11,-10,0,12
317,-21,-27,-4,7,8,9,-5,-9,0,8,-22,10,-7,-16,-5,5,-6,-13,-16,5,20,-3,1,1,1,-12,-10,-10,-1,11
318,-21,-28,-5,6,8,10,-6,-8,-1,8,-22,11,-8,-17,-6,6,-6,-14,-17,5,20,-4,0,1,0,-12,-10,-11,0,11
319,-22,-28,-5,6,8,10,-6,-7,0,8,-22,10,-8,-18,-6,7,-5,-15,-17,4,20,-5,0,0,0,-12,-10,-12,-1,10
320,-21,-29,-4,7,7,10,-7,-7,-1,9,-21,9,-9,-17,-7,8,-4,-14,-18,4,20,-4,1,0,0,-11,-10,-12,0,10
321,-21,-29,-4,8,7,11,-6,-8,0,10,-22,10,-10,-18,-7,9,-4,-15,-18,3,20,-4,2,1,-1,-10,-9,-11,0,9
322,-20,-30,-5,7,6,12,-6,-7,-1,11,-23,9,-9,-19,-8,10,-5,-14,-17,4,20,-4,2,0,0,-11,-8,-12,0,8
323,-20,-30,-4,7,6,12,-5,-6,0,10,-22,8,-9,-20,-9,10,-4,-14,-18,3,19,-4,3,-1,-1,-11,-7,-11,1,7
324,-19,-29,-5,8,6,12,-5,-6,0,11,-21,8,-8,-19,-10,10,-4,-13,-17,4,19,-4,2,0,0,-11,-6,-12,0,7
325,-19,-28,-5,7,5,11,-5,-5,-1,12,-22,7,-8,-19,-10,10,-4,-13,-17,4,19,-3,3,0,-1,-10,-7,-13,1,6
326,-19,-29,-5,7,4,10,-5,-4,-2,12,-23,6,-7,-20,-10,11,-5,-12,-18,3,18,-2,4,1,0,-10,-7,-13,0,6
327,-20,-30,-5,7,3,11,-5,-4,-2,11,-22,6,-7,-21,-9,12,-5,-11,-19,4,18,-2,3,0,0,-10,-6,-13,0,5
328,-21,-29,-4,6,4,10,-6,-4,-1,11,-23,5,-7,-21,-10,11,-5,-12,-19,3,18,-3,2,1,-1,-10,-7,-14,-1,6
329,-22,-30,-5,6,3,9,-7,-5,-2,12,-22,6,-6,-20,-9,10,-5,-13,-18,2,17,-3,2,0,0,-9,-7,-14,-1,7
330,-23,-29,-4,6,4,8,-8,-6,-2,11,-21,5,-6,-19,-9,9,-4,-13,-18,1,16,-4,3,1,1,-10,-6,-14,-2,7
331,-22,-28,-5,5,5,7,-7,-5,-2,12,-20,5,-7,-18,-9,8,-4,-12,-19,2,17,-3,2,0,1,-10,-7,-13,-2,6
332,-21,-28,-4,6,5,7,-6,-4,-3,12,-20,5,-6,-18,-9,9,-4,-11,-19,3,18,-3,2,0,1,-11,-7,-14,-1,7
333,-21,-29,-3,7,4,6,-5,-5,-3,12,-19,6,-7,-18,-8,9,-3,-12,-18,3,19,-3,3,-1,1,-11,-7,-13,0,6
334,-22,-28,-2,6,5,6,-4,-5,-4,13,-18,6,-7,-17,-9,10,-3,-13,-18,3,18,-2,3,-1,0,-11,-6,-14,1,7
335,-23,-27,-3,5,5,7,-5,-6,-5,13,-17,6,-6,-17,-8,10,-3,-12,-18,3,17,-2,4,0,-1,-11,-7,-14,2,7
336,-22,-27,-3,4,4,8,-4,-5,-5,12,-16,7,-7,-16,-7,10,-3,-11,-19,4,17,-1,3,-1,-1,-11,-6,-14,1,6
337,-23,-26,-3,5,3,7,-5,-4,-6,12,-15,8,-7,-17,-8,9,-3,-10,-18,4,16,0,3,-2,-1,-11,-7,-13,0,7
338,-22,-27,-2,4,4,6,-5,-3,-7,11,-14,8,-8,-17,-7,8,-2,-11,-17,4,17,1,4,-1,0,-10,-8,-12,-1,8
339,-21,-27,-1,4,4,6,-5,-3,-6,12,-14,9,-8,-18,-6,8,-1,-11,-16,5,16,2,5,-2,1,-10,-8,-12,-1,8
340,-21,-28,0,5,5,5,-4,-4,-5,13,-15,8,-8,-18,-6,9,0,-11,-16,4,16,3,6,-2,1,-11,-9,-13,-1,7
341,-21,-29,-1,5,5,5,-3,-4,-4,12,-14,8,-9,-19,-7,8,1,-11,-16,5,16,4,6,-2,1,-10,-8,-13,0,8
342,-21,-29,-1,6,6,5,-3,-5,-4,13,-13,9,-9,-19,-8,8,1,-10,-15,6,15,5,6,-2,1,-9,-9,-14,0,9
343,-20,-30,-2,6,6,6,-4,-5,-5,12,-13,9,-9,-19,-9,7,1,-11,-16,6,16,6,5,-1,2,-10,-10,-13,-1,8
344,-21,-31,-1,7,7,6,-3,-5,-4,13,-14,10,-8,-18,-10,8,0,-10,-17,7,17,6,4,-2,3,-9,-10,-12,-1,7
345,-21,-30,-1,6,6,7,-2,-4,-4,12,-13,10,-9,-19,-10,7,0,-10,-16,8,16,5,3,-1,3,-8,-11,-12,-2,6
346,-21,-31,-2,5,5,7,-3,-5,-3,12,-12,9,-9,-18,-11,8,0,-11,-16,7,16,6,3,-1,4,-7,-12,-12,-3,5
347,-21,-30,-2,5,6,6,-4,-6,-3,11,-12,9,-8,-17,-10,7,1,-10,-16,8,17,7,3,0,5,-8,-12,-13,-2,5
348,-22,-30,-1,5,5,7,-3,-5,-3,11,-12,9,-8,-16,-11,8,2,-10,-17,8,18,6,4,0,5,-7,-11,-12,-2,5
349,-22,-29,-1,5,4,8,-2,-6,-2,11,-13,9,-9,-16,-10,9,2,-10,-17,8,17,6,3,1,5,-7,-12,-11,-3,5
350,-21,-29,-2,6,5,8,-2,-5,-2,12,-12,10,-9,-16,-11,9,1,-10,-17,8,18,6,4,0,4,-6,-12,-10,-2,5
351,-22,-28,-2,7,6,8,-2,-6,-2,13,-13,11,-8,-15,-12,10,2,-9,-17,9,18,6,5,1,3,-6,-12,-11,-2,5
352,-21,-29,-3,6,7,7,-1,-5,-2,13,-14,10,-8,-16,-12,9,2,-9,-18,8,18,7,4,0,2,-6,-12,-10,-3,5
353,-22,-29,-2,7,7,8,0,-5,-1,13,-13,9,-7,-15,-11,9,3,-8,-17,8,18,8,5,1,2,-5,-11,-11,-2,5
354,-22,-28,-2,6,8,9,-1,-5,-2,12,-13,9,-8,-16,-10,8,3,-9,-16,8,17,9,4,0,2,-4,-12,-12,-1,5
355,-22,-29,-3,6,8,10,-2,-4,-3,12,-14,9,-7,-15,-11,8,2,-9,-17,9,18,10,3,1,3,-3,-12,-11,-2,5
356,-22,-29,-4,6,9,9,-1,-4,-4,13,-13,10,-8,-16,-11,9,2,-10,-16,10,17,9,3,2,3,-3,-11,-12,-2,6
357,-22,-28,-5,7,10,8,0,-4,-4,12,-14,10,-8,-16,-10,9,2,-10,-16,9,17,9,2,2,3,-4,-10,-11,-1,6
358,-21,-29,-5,6,9,7,-1,-3,-3,12,-15,9,-8,-15,-10,8,2,-9,-16,9,18,10,1,1,3,-3,-10,-11,-1,6
359,-20,-29,-4,7,8,6,-1,-4,-2,12,-16,10,-7,-14,-11,7,2,-8,-16,8,18,9,0,0,3,-3,-10,-10,0,5
360,-21,-30,-3,7,9,7,0,-4,-3,13,-16,9,-8,-13,-12,8,3,-9,-15,9,17,9,-1,0,3,-3,-9,-10,0,5
361,-21,-29,-3,8,10,6,1,-3,-3,13,-15,8,-8,-12,-11,9,2,-8,-15,8,16,8,0,0,2,-2,-9,-10,-1,4
362,-20,-28,-4,8,11,5,2,-2,-3,14,-15,9,-8,-11,-12,9,3,-7,-15,9,16,7,-1,0,1,-3,-9,-11,-1,3
363,-20,-28,-5,7,11,5,1,-1,-3,15,-14,10,-9,-12,-12,10,3,-8,-15,10,15,8,-2,1,2,-2,-9,-12,-1,4
364,-21,-28,-6,8,11,6,0,-1,-4,14,-13,10,-10,-12,-11,10,2,-8,-16,9,15,9,-3,0,1,-2,-8,-11,0,4
365,-22,-27,-7,8,11,5,1,0,-3,14,-14,9,-11,-13,-12,9,3,-9,-16,8,15,8,-4,1,2,-2,-9,-11,-1,5
366,-23,-27,-6,7,11,4,2,0,-2,13,-13,9,-12,-12,-11,8,2,-10,-15,9,16,7,-3,2,2,-1,-9,-10,0,4
367,-24,-26,-5,6,11,5,1,-1,-3,14,-12,8,-11,-12,-10,7,3,-10,-14,10,16,6,-4,2,2,0,-8,-11,0,3
368,-23,-25,-4,7,11,6,1,0,-4,15,-13,9,-12,-11,-9,8,4,-10,-14,11,17,6,-5,2,1,-1,-9,-10,-1,3
369,-24,-26,-5,6,11,6,1,0,-3,15,-13,9,-11,-10,-9,7,5,-11,-14,10,17,6,-6,1,0,-1,-9,-10,-1,2
370,-24,-25,-4,5,12,7,0,1,-4,15,-12,10,-10,-9,-9,7,5,-12,-13,11,17,5,-7,0,1,-1,-8,-9,-1,2
371,-23,-24,-3,5,11,7,0,2,-4,15,-11,11,-11,-8,-8,8,5,-12,-12,10,17,4,-6,1,0,-2,-8,-10,-1,3
372,-23,-24,-3,6,10,8,0,3,-3,14,-12,11,-11,-8,-9,7,4,-12,-13,11,17,3,-7,0,1,-2,-7,-9,0,2
373,-22,-24,-4,6,10,7,1,2,-3,14,-12,11,-10,-9,-9,8,3,-12,-12,11,16,3,-6,0,2,-1,-6,-8,-1,2
374,-21,-23,-5,7,9,8,1,3,-2,14,-12,11,-10,-10,-10,7,2,-11,-11,12,16,2,-5,0,2,-1,-6,-7,-2,3
375,-20,-24,-5,8,8,9,0,3,-2,14,-13,11,-9,-11,-9,7,2,-12,-11,13,17,3,-6,1,3,-1,-6,-8,-2,3
376,-21,-23,-5,7,7,8,0,3,-1,14,-12,11,-10,-11,-8,6,3,-11,-11,12,17,2,-5,2,3,0,-6,-7,-3,4
377,-21,-22,-5,7,8,9,1,4,0,15,-12,10,-11,-10,-7,7,4,-10,-10,11,18,1,-5,2,3,1,-6,-6,-2,4
378,-22,-23,-6,8,8,8,1,3,-1,15,-11,9,-11,-9,-6,6,5,-9,-10,12,18,0,-6,1,3,0,-5,-6,-2,5
379,-23,-24,-6,8,9,7,0,4,0,15,-10,10,-10,-10,-7,6,6,-10,-10,12,17,1,-5,2,3,1,-6,-7,-2,6
380,-24,-25,-6,9,10,8,1,4,1,15,-9,9,-11,-10,-8,6,7,-9,-11,12,16,1,-6,1,4,2,-7,-6,-1,6
381,-24,-24,-6,8,9,9,2,5,2,15,-9,9,-12,-9,-8,6,7,-9,-10,12,16,0,-5,1,3,3,-8,-7,0,6
382,-25,-24,-5,7,10,10,3,4,3,14,-9,10,-12,-10,-7,5,8,-9,-9,13,15,0,-4,0,2,4,-7,-6,-1,6
383,-25,-25,-6,8,10,11,2,4,4,15,-8,10,-11,-11,-7,4,8,-8,-10,14,15,0,-5,0,2,4,-8,-7,-1,6
384,-25,-26,-7,9,9,10,3,5,4,14,-7,11,-12,-12,-7,5,9,-7,-9,14,15,-1,-4,-1,1,4,-8,-8,0,6
385,-25,-27,-6,10,8,11,2,5,5,14,-7,11,-13,-12,-8,4,8,-6,-8,14,16,-1,-4,-1,0,4,-9,-7,1,6
386,-24,-28,-5,11,8,11,1,5,6,13,-8,11,-14,-11,-9,3,8,-6,-7,14,16,0,-5,0,0,3,-9,-6,1,5
387,-23,-27,-6,11,8,10,1,5,6,12,-8,11,-13,-10,-9,4,7,-5,-8,14,15,-1,-4,0,0,3,-10,-5,1,6
388,-22,-28,-6,12,9,9,0,6,7,11,-7,11,-13,-10,-10,4,6,-5,-7,13,14,-1,-3,-1,-1,3,-11,-4,0,6
389,-23,-27,-6,13,10,8,1,7,7,12,-6,11,-12,-9,-11,3,6,-5,-6,12,14,-2,-2,0,-2,4,-12,-5,1,5
390,-24,-27,-6,12,9,9,2,7,7,12,-5,11,-13,-10,-11,2,6,-4,-5,13,15,-1,-1,0,-3,5,-13,-5,1,4
391,-24,-27,-5,12,8,8,2,7,7,11,-5,10,-14,-11,-12,1,5,-4,-4,13,16,0,-1,1,-4,4,-12,-4,2,3
392,-24,-27,-6,13,9,9,1,6,8,10,-6,11,-13,-11,-11,2,5,-4,-3,12,16,1,0,1,-4,3,-12,-4,1,3
393,-23,-26,-6,13,10,10,0,6,8,11,-6,10,-12,-11,-12,2,6,-3,-2,12,15,1,1,0,-4,3,-13,-3,2,2
394,-23,-26,-7,13,10,10,-1,6,8,12,-6,11,-12,-12,-11,3,5,-4,-1,11,14,1,0,1,-5,2,-12,-2,1,1
395,-24,-27,-7,12,11,11,-2,5,7,13,-5,10,-13,-13,-10,3,6,-5,0,10,14,0,1,1,-4,3,-13,-3,1,2
396,-23,-26,-7,11,10,12,-3,4,7,12,-6,11,-12,-12,-11,2,6,-6,-1,11,13,-1,0,0,-5,2,-13,-3,0,1
397,-24,-25,-7,12,10,11,-3,3,7,12,-7,10,-11,-13,-11,2,5,-7,0,12,14,0,-1,-1,-5,1,-12,-2,0,1
398,-25,-25,-7,11,10,11,-4,2,8,12,-6,9,-11,-13,-12,1,5,-7,-1,11,14,1,-1,0,-4,1,-12,-3,0,1
399,-26,-26,-8,12,9,12,-4,2,9,12,-7,9,-10,-14,-12,2,5,-7,0,11,15,0,-1,1,-5,2,-13,-3,1,1
400,-26,-27,-7,11,8,12,-3,3,9,11,-8,8,-10,-14,-11,2,6,-6,1,12,14,0,-1,1,-4,1,-13,-2,2,0
401,-26,-26,-6,12,8,11,-2,4,8,10,-7,8,-11,-15,-12,2,6,-6,2,13,13,0,-2,1,-3,2,-12,-3,3,1
402,-25,-26,-5,12,8,10,-2,3,8,9,-8,8,-10,-14,-12,1,5,-5,1,14,13,-1,-3,0,-2,2,-13,-3,3,2
403,-25,-25,-6,13,8,11,-1,2,7,8,-9,7,-10,-14,-11,2,6,-6,0,14,12,0,-4,1,-1,1,-12,-3,3,3
404,-25,-24,-7,12,7,12,-1,3,8,9,-10,8,-11,-15,-12,3,6,-7,-1,14,12,-1,-3,1,-2,2,-12,-2,2,3
405,-26,-24,-6,12,6,13,-1,3,9,8,-9,7,-12,-14,-11,2,6,-8,0,15,11,0,-4,2,-3,2,-12,-1,1,2
406,-25,-23,-5,12,5,12,0,2,9,7,-9,8,-12,-15,-10,3,6,-8,0,14,10,-1,-4,2,-2,3,-12,0,0,3
407,-26,-23,-4,12,6,13,0,3,9,8,-8,9,-12,-15,-9,3,6,-9,-1,13,10,-2,-3,3,-3,3,-12,0,0,2
408,-26,-24,-5,12,5,13,-1,4,10,9,-7,10,-13,-16,-9,4,5,-9,-1,13,11,-2,-4,3,-4,2,-11,-1,-1,2
409,-27,-23,-5,11,6,14,-1,4,9,8,-8,9,-14,-15,-8,5,6,-10,0,14,12,-2,-5,2,-5,2,-10,0,-1,2
410,-27,-23,-4,10,7,15,-1,3,9,8,-9,10,-15,-15,-9,4,5,-10,0,14,11,-2,-6,1,-6,3,-9,1,0,1
411,-26,-23,-3,10,8,16,-1,4,8,8,-8,10,-16,-16,-10,4,4,-11,1,14,11,-1,-6,0,-7,4,-10,0,-1,0
412,-27,-22,-2,10,9,15,0,5,8,9,-8,9,-15,-17,-11,5,5,-10,1,14,12,0,-7,-1,-7,5,-10,0,-1,-1
413,-27,-22,-3,9,9,14,0,5,8,8,-8,9,-15,-16,-12,5,4,-10,2,14,11,1,-8,-1,-8,5,-11,1,0,-2
414,-27,-23,-3,10,8,15,-1,5,8,9,-8,8,-16,-17,-13,4,4,-11,2,15,11,2,-9,-1,-8,6,-10,1,-1,-1
415,-28,-24,-3,11,7,16,-1,6,9,8,-7,8,-15,-17,-13,4,3,-10,2,16,12,2,-9,0,-8,6,-9,0,0,0
416,-27,-25,-2,11,8,17,-1,6,8,9,-6,8,-14,-18,-12,4,2,-11,3,17,12,2,-8,0,-8,6,-9,-1,-1,-1
417,-26,-24,-3,10,7,16,-2,6,8,10,-5,7,-15,-19,-12,3,2,-11,2,18,13,1,-7,-1,-9,6,-10,-2,-2,-2
418,-26,-23,-3,9,6,15,-2,7,7,11,-5,8,-16,-20,-11,4,3,-12,2,18,13,1,-6,-1,-8,6,-9,-1,-1,-3
419,-25,-22,-4,8,5,16,-2,8,6,11,-4,7,-16,-20,-11,3,2,-12,1,19,13,1,-5,-1,-8,7,-8,0,-1,-3
420,-25,-23,-5,9,6,17,-3,8,7,10,-3,8,-16,-21,-11,3,3,-11,0,19,14,0,-5,-2,-8,8,-9,1,-1,-4
421,-25,-22,-4,9,5,16,-4,9,7,9,-4,8,-17,-21,-10,4,2,-10,-1,19,13,-1,-4,-3,-9,8,-9,0,-1,-4
422,-25,-23,-5,10,5,16,-3,8,7,8,-5,8,-17,-22,-11,4,1,-9,-1,18,13,0,-4,-2,-10,9,-8,0,0,-4
423,-24,-24,-4,10,5,17,-3,8,6,7,-5,8,-17,-21,-12,4,0,-8,-1,18,13,1,-4,-2,-10,9,-8,-1,1,-5
424,-24,-25,-4,10,5,16,-2,8,5,6,-4,9,-17,-20,-12,3,0,-7,-2,17,13,0,-4,-2,-11,8,-9,0,0,-4
425,-24,-24,-3,9,6,17,-2,7,6,6,-4,10,-16,-21,-12,4,0,-8,-3,16,14,0,-4,-1,-11,9,-10,0,0,-4
426,-25,-24,-2,10,5,16,-3,6,7,7,-5,9,-15,-20,-13,3,-1,-7,-3,16,14,0,-5,-2,-12,10,-10,0,1,-4
427,-25,-23,-1,10,6,15,-2,5,6,8,-6,9,-15,-20,-14,4,0,-7,-3,17,13,0,-4,-3,-12,10,-9,0,2,-3
428,-24,-22,-1,9,5,16,-2,4,5,7,-6,10,-14,-20,-14,5,0,-8,-4,18,13,1,-5,-2,-12,9,-9,1,1,-2
429,-24,-23,-1,10,6,16,-2,4,6,7,-5,9,-14,-19,-13,4,1,-7,-4,17,14,2,-5,-2,-12,10,-9,2,1,-2
430,-25,-24,-1,10,7,16,-2,4,7,8,-6,8,-15,-20,-13,3,1,-8,-3,17,13,1,-6,-3,-12,10,-9,3,0,-2
431,-26,-24,-2,9,8,16,-2,3,8,8,-6,9,-15,-21,-12,3,1,-7,-2,17,12,0,-5,-4,-12,9,-9,3,-1,-1
432,-25,-23,-1,9,8,15,-1,2,8,8,-6,9,-14,-20,-12,4,1,-8,-2,18,13,0,-4,-3,-11,9,-10,2,-1,0
433,-25,-23,0,8,9,16,0,1,9,9,-5,10,-15,-19,-12,3,0,-9,-2,17,14,0,-5,-3,-10,10,-10,1,0,0
434,-25,-22,1,8,10,16,1,2,10,10,-4,11,-16,-18,-13,3,0,-9,-3,18,15,1,-5,-2,-11,9,-11,0,-1,1
435,-26,-21,0,8,9,16,2,2,10,9,-4,11,-15,-18,-13,4,-1,-10,-2,18,14,0,-5,-3,-11,8,-12,1,-1,0
436,-27,-21,1,7,10,17,2,3,9,8,-3,10,-16,-18,-13,5,-1,-9,-3,17,13,-1,-5,-3,-12,8,-13,0,-1,1
437,-28,-22,0,7,10,17,1,3,10,9,-3,10,-17,-17,-13,5,-1,-10,-4,16,12,-1,-5,-4,-11,7,-13,-1,0,0
438,-27,-22,-1,8,11,17,0,3,10,10,-4,9,-17,-17,-13,6,-2,-11,-4,17,12,-1,-4,-4,-12,7,-12,-1,0,-1
439,-28,-22,-2,8,11,18,1,2,10,10,-3,9,-16,-18,-12,6,-2,-11,-3,17,12,-2,-5,-5,-13,6,-11,0,-1,0
440,-29,-22,-2,8,12,17,1,3,9,9,-2,8,-16,-17,-11,7,-1,-10,-3,18,13,-1,-6,-5,-14,5,-10,1,0,1
441,-30,-21,-3,7,13,16,1,2,10,10,-1,9,-15,-18,-11,7,0,-11,-3,17,12,-1,-5,-6,-13,5,-10,0,0,0
442,-30,-20,-4,8,13,15,0,2,10,9,0,10,-16,-18,-11,7,1,-10,-2,16,12,-1,-6,-5,-13,4,-9,1,1,0
443,-29,-21,-5,7,14,16,0,2,10,10,0,11,-16,-19,-10,8,1,-11,-1,16,12,0,-6,-6,-14,4,-10,2,0,-1
444,-30,-22,-6,8,13,16,0,2,11,9,-1,10,-16,-20,-9,8,0,-11,0,17,12,1,-7,-7,-14,3,-11,1,1,-2
445,-31,-21,-5,9,13,17,1,2,12,10,-1,11,-15,-20,-9,8,0,-11,0,18,11,1,-7,-8,-15,3,-10,0,1,-2
446,-32,-21,-5,9,13,16,0,3,11,9,-2,11,-16,-20,-10,8,1,-11,1,17,11,2,-6,-9,-16,2,-10,-1,0,-2
447,-33,-22,-6,8,13,17,1,3,12,9,-2,12,-15,-20,-9,7,1,-12,0,16,12,1,-5,-8,-16,1,-10,-2,-1,-3
448,-34,-22,-5,8,14,17,2,4,11,8,-3,11,-16,-19,-8,7,1,-12,-1,17,12,2,-5,-9,-16,0,-11,-1,-1,-3
449,-33,-22,-5,7,14,17,1,3,11,8,-4,12,-15,-20,-7,6,1,-11,-1,18,13,3,-4,-9,-15,1,-10,-1,-1,-2
450,-34,-22,-5,6,13,17,0,4,12,8,-5,13,-14,-19,-8,7,2,-12,-2,18,14,3,-4,-10,-14,2,-9,0,-1,-3
451,-34,-22,-5,6,12,18,0,3,12,9,-5,13,-14,-19,-7,8,2,-12,-3,17,15,3,-4,-9,-15,2,-10,1,-2,-3
452,-35,-22,-4,6,11,18,0,2,11,10,-4,14,-14,-18,-8,9,3,-11,-4,18,15,3,-3,-9,-16,3,-11,0,-2,-3
453,-35,-23,-3,6,12,18,0,2,12,9,-4,13,-14,-18,-9,8,4,-11,-5,18,16,3,-4,-9,-17,4,-12,1,-2,-4
454,-34,-22,-3,7,12,17,1,2,13,10,-5,14,-13,-17,-10,9,4,-11,-6,17,17,4,-3,-9,-17,5,-13,1,-2,-4
455,-33,-22,-3,7,13,17,1,3,14,11,-6,15,-12,-18,-10,10,5,-11,-7,17,17,5,-3,-10,-18,5,-13,0,-1,-4
456,-32,-21,-3,6,14,18,1,2,14,12,-5,15,-12,-17,-11,9,4,-10,-8,18,18,6,-3,-9,-18,6,-13,1,0,-3
457,-31,-20,-4,7,13,18,0,2,13,12,-5,14,-11,-17,-10,8,5,-11,-8,17,18,5,-4,-8,-17,6,-13,2,-1,-2
458,-30,-20,-5,6,13,17,-1,1,13,11,-4,14,-12,-16,-10,8,6,-12,-9,17,19,4,-5,-8,-18,6,-12,2,-1,-1
459,-29,-19,-6,7,12,16,0,2,12,12,-3,13,-11,-16,-10,8,5,-12,-10,17,19,3,-5,-8,-18,5,-12,1,-2,0
460,-29,-20,-5,8,12,17,-1,3,11,13,-3,12,-10,-15,-11,8,6,-12,-10,17,20,4,-6,-8,-17,5,-13,1,-3,0
461,-30,-19,-5,9,12,17,-2,3,12,13,-3,13,-11,-15,-10,7,5,-13,-9,17,21,3,-7,-9,-16,4,-12,2,-2,0
462,-29,-20,-5,9,11,16,-1,4,11,13,-4,12,-10,-16,-10,8,4,-14,-10,17,20,4,-6,-8,-15,5,-13,3,-3,1
463,-28,-21,-4,10,12,15,-1,5,11,14,-5,12,-11,-15,-9,9,5,-13,-10,16,20,3,-5,-7,-15,6,-13,3,-4,1
464,-28,-20,-3,10,11,15,-2,6,11,15,-5,11,-10,-16,-8,8,5,-14,-10,16,20,4,-4,-8,-16,6,-12,3,-5,1
465,-29,-19,-4,11,11,14,-2,6,10,14,-6,11,-11,-16,-7,8,5,-13,-9,15,20,3,-5,-7,-16,5,-11,2,-6,1
466,-29,-19,-3,12,10,15,-3,7,11,14,-7,11,-12,-16,-7,7,6,-13,-8,14,19,4,-4,-8,-17,5,-10,1,-7,2
467,-29,-19,-2,11,11,16,-3,6,11,14,-8,11,-13,-17,-8,6,5,-12,-8,15,18,3,-4,-8,-17,6,-9,0,-8,1
468,-28,-20,-2,10,12,15,-3,5,11,15,-7,12,-13,-16,-8,6,6,-11,-7,15,17,2,-4,-9,-18,5,-10,-1,-9,0
469,-29,-21,-2,10,11,16,-2,6,10,14,-8,11,-14,-17,-7,6,7,-11,-6,14,16,3,-5,-8,-18,6,-10,-2,-9,0
470,-30,-21,-2,9,12,16,-1,6,11,14,-7,12,-15,-17,-8,5,6,-11,-5,15,17,3,-6,-8,-18,5,-9,-2,-9,1
471,-31,-20,-1,9,13,17,-1,5,10,15,-7,11,-15,-16,-7,6,5,-12,-5,16,18,2,-6,-8,-19,5,-8,-3,-10,1
472,-30,-20,0,8,14,18,-2,4,9,14,-8,12,-14,-15,-8,6,5,-13,-5,15,17,1,-6,-7,-18,6,-8,-2,-9,2
473,-31,-20,1,7,15,18,-1,4,8,13,-8,13,-15,-16,-7,7,6,-12,-5,16,18,0,-6,-8,-18,5,-8,-2,-10,1
474,-32,-19,0,6,15,18,-2,3,7,14,-7,13,-14,-15,-8,6,6,-11,-6,16,17,0,-7,-9,-17,5,-7,-1,-9,1
475,-33,-20,-1,5,14,18,-2,4,8,15,-7,12,-15,-14,-8,5,7,-10,-6,16,18,0,-8,-8,-16,4,-6,0,-9,1
476,-34,-19,-2,6,13,17,-1,4,7,15,-8,13,-16,-13,-9,6,6,-9,-5,17,17,1,-7,-7,-15,5,-5,0,-8,0
477,-34,-18,-3,6,12,16,0,3,8,15,-9,14,-15,-12,-10,7,7,-10,-6,18,16,0,-8,-8,-16,5,-4,0,-8,1
478,-35,-18,-4,5,11,16,1,4,9,15,-9,13,-16,-12,-10,7,8,-9,-6,18,15,-1,-7,-7,-16,5,-4,-1,-8,1
479,-35,-18,-3,6,11,17,1,5,10,15,-10,12,-17,-11,-9,8,8,-10,-6,18,14,-1,-8,-7,-17,5,-4,-2,-7,1
480,-36,-19,-2,5,11,18,0,5,11,14,-9,11,-16,-11,-9,8,8,-11,-6,17,13,-2,-9,-6,-16,6,-5,-3,-8,1
481,-36,-19,-3,6,11,19,-1,6,12,13,-9,11,-17,-12,-9,9,8,-12,-6,16,14,-1,-8,-6,-15,7,-4,-2,-9,1
482,-36,-18,-4,7,10,20,-1,6,13,12,-10,10,-18,-11,-9,9,9,-12,-7,17,13,-1,-9,-5,-14,7,-3,-1,-10,2
483,-36,-18,-3,8,11,20,-1,6,13,13,-11,11,-19,-10,-8,8,10,-11,-6,17,12,-1,-10,-5,-13,8,-3,-2,-9,2
484,-37,-18,-2,7,12,20,-2,7,12,12,-12,12,-18,-9,-9,7,11,-11,-7,16,12,-2,-11,-5,-13,8,-2,-1,-8,3
485,-36,-17,-2,8,13,20,-2,6,11,12,-11,11,-17,-8,-8,7,10,-12,-7,16,12,-2,-12,-5,-12,9,-2,-1,-7,4
486,-36,-17,-3,7,14,20,-2,5,11,12,-11,10,-17,-8,-9,8,10,-11,-6,15,13,-3,-11,-6,-13,9,-1,-1,-6,4
487,-36,-18,-3,8,13,19,-3,6,12,11,-10,10,-16,-9,-8,9,10,-10,-6,15,13,-3,-12,-6,-13,8,-2,0,-7,3
488,-35,-19,-4,9,12,19,-2,7,13,12,-9,10,-17,-8,-7,9,10,-11,-5,14,12,-3,-12,-6,-14,7,-1,1,-6,3
489,-35,-20,-3,8,13,19,-1,6,14,12,-9,9,-16,-7,-7,10,11,-10,-6,13,12,-3,-13,-5,-13,7,0,2,-7,4
490,-35,-21,-2,7,12,20,-2,7,15,13,-9,10,-17,-7,-8,11,12,-9,-7,14,12,-2,-14,-6,-12,7,1,2,-7,5
491,-36,-21,-2,7,11,21,-2,6,14,13,-10,9,-17,-6,-9,10,12,-9,-6,13,12,-1,-15,-7,-11,8,2,3,-6,5
492,-37,-22,-1,6,12,22,-2,7,15,12,-11,9,-18,-5,-8,10,12,-9,-6,12,13,-2,-16,-8,-12,7,3,2,-6,6
493,-37,-21,0,7,12,23,-3,8,14,11,-11,9,-19,-5,-8,11,13,-9,-5,11,14,-1,-16,-7,-13,8,4,3,-6,6
494,-38,-21,1,8,13,23,-3,8,13,10,-11,9,-20,-4,-7,12,12,-10,-4,12,14,0,-16,-6,-12,9,4,3,-5,5
495,-38,-20,0,7,13,22,-3,8,14,9,-10,10,-21,-5,-7,13,13,-11,-4,13,13,0,-16,-7,-13,8,5,2,-4,6
496,-38,-20,0,6,12,21,-2,7,14,9,-11,11,-20,-4,-7,13,14,-12,-4,12,14,0,-16,-8,-13,9,5,1,-4,6
497,-39,-19,0,7,12,22,-2,7,15,10,-12,10,-19,-3,-8,14,15,-12,-4,12,13,0,-15,-7,-12,9,5,1,-4,5
498,-39,-20,1,7,12,21,-2,8,16,9,-12,10,-19,-3,-8,15,16,-13,-4,12,12,1,-16,-7,-11,10,5,2,-4,6
499,-40,-21,0,8,13,21,-1,7,15,10,-11,9,-19,-3,-7,14,15,-14,-4,13,12,1,-15,-7,-11,9,6,3,-3,7
500,-40,-20,0,9,14,21,0,6,14,11,-12,9,-19,-3,-8,14,14,-15,-3,13,12,0,-16,-6,-11,8,5,2,-3,7
501,-39,-19,0,10,13,20,-1,7,13,12,-12,9,-19,-4,-8,14,13,-15,-2,14,13,0,-17,-7,-10,8,4,3,-3,6
502,-39,-18,0,9,13,19,-2,8,14,13,-11,9,-20,-3,-9,15,13,-15,-2,14,12,0,-16,-6,-9,7,5,2,-2,7
503,-39,-17,-1,9,14,19,-2,8,14,12,-10,8,-19,-3,-10,15,13,-15,-3,14,12,-1,-16,-7,-9,8,5,2,-2,7
504,-39,-16,-2,8,14,19,-3,9,13,12,-10,9,-19,-3,-11,16,12,-14,-4,15,11,-2,-15,-7,-8,9,5,1,-1,7
505,-40,-17,-1,9,15,18,-4,10,13,13,-9,10,-19,-3,-10,16,11,-13,-4,15,12,-2,-14,-6,-9,9,5,1,0,7
506,-40,-18,-2,9,14,19,-3,11,14,14,-10,11,-19,-4,-10,16,12,-13,-3,15,11,-1,-15,-6,-8,10,5,0,0,8
507,-41,-18,-2,10,14,20,-3,12,14,13,-11,12,-19,-5,-10,16,11,-14,-4,16,10,-1,-16,-7,-8,9,6,0,1,9
508,-41,-19,-3,11,15,21,-2,12,15,13,-10,12,-18,-4,-11,17,10,-13,-4,16,11,0,-16,-6,-8,9,5,-1,0,10
509,-41,-19,-4,12,14,20,-3,12,16,13,-11,11,-18,-4,-12,16,10,-14,-4,16,10,-1,-17,-7,-7,8,6,-2,0,11
510,-42,-20,-3,12,14,21,-3,12,17,13,-12,11,-17,-5,-11,16,11,-14,-4,17,11,0,-18,-6,-8,7,5,-3,1,12
511,-43,-21,-3,11,13,21,-4,11,17,14,-11,10,-18,-6,-10,16,11,-13,-3,16,10,-1,-18,-6,-8,6,4,-4,2,12
512,-43,-22,-4,11,13,21,-3,11,17,14,-10,11,-17,-5,-10,17,11,-14,-4,16,9,0,-18,-7,-9,7,5,-4,2,12
513,-44,-22,-3,12,12,22,-2,12,18,13,-9,10,-18,-4,-10,17,10,-15,-3,17,8,-1,-17,-6,-9,8,6,-5,1,11
514,-44,-21,-2,11,12,23,-2,12,17,14,-9,10,-17,-4,-10,17,9,-14,-3,17,7,0,-16,-6,-9,7,5,-4,1,11
515,-44,-20,-1,11,13,24,-2,13,16,13,-10,9,-16,-5,-11,17,10,-13,-3,16,8,1,-17,-7,-8,6,5,-5,1,12
516,-44,-19,-1,11,13,24,-2,13,15,13,-10,10,-15,-5,-11,17,9,-12,-2,15,8,0,-18,-6,-8,6,5,-4,2,13
517,-44,-20,-1,10,12,25,-1,12,14,14,-11,10,-16,-4,-11,17,10,-11,-1,14,8,0,-19,-6,-7,7,5,-4,2,13
518,-45,-21,-1,9,13,25,0,11,14,14,-11,9,-15,-5,-11,18,10,-12,0,13,7,1,-18,-5,-6,8,6,-5,3,14
519,-45,-20,-2,10,13,26,-1,10,14,15,-12,10,-16,-4,-11,17,9,-11,1,12,6,2,-19,-4,-5,9,7,-4,4,14
520,-44,-21,-3,9,14,25,0,10,15,14,-13,11,-17,-3,-12,18,9,-10,1,11,7,3,-18,-5,-5,8,7,-5,3,13
521,-44,-22,-3,8,13,26,-1,9,15,13,-14,12,-17,-3,-13,17,8,-11,2,10,7,2,-18,-5,-4,9,6,-5,4,12
522,-45,-23,-3,7,12,26,0,9,14,12,-13,13,-17,-2,-12,17,9,-11,2,9,6,3,-17,-4,-5,9,5,-4,4,11
523,-45,-22,-4,6,13,25,-1,10,13,12,-12,13,-17,-2,-11,18,10,-11,2,10,5,4,-17,-3,-5,10,4,-4,3,12
524,-45,-22,-4,6,12,25,-2,11,12,12,-13,13,-18,-2,-12,18,10,-12,2,10,5,4,-16,-2,-4,10,5,-3,2,11
525,-46,-21,-4,6,13,24,-3,11,12,12,-12,14,-18,-2,-13,17,9,-13,2,9,4,4,-17,-1,-4,11,6,-3,2,10
526,-47,-22,-3,6,14,24,-4,12,12,13,-13,14,-17,-2,-12,18,10,-14,1,8,4,3,-17,0,-4,11,5,-3,1,9
527,-46,-23,-3,6,14,24,-3,12,12,12,-14,15,-16,-1,-13,17,11,-13,1,8,5,2,-18,0,-3,11,6,-2,0,9
528,-46,-22,-2,5,13,25,-4,11,11,12,-15,16,-15,0,-14,16,11,-12,2,8,4,3,-18,-1,-3,12,5,-2,0,8
529,-45,-22,-2,6,14,25,-4,11,11,12,-15,15,-14,-1,-15,16,11,-13,2,9,5,2,-17,-1,-3,13,4,-3,-1,8
530,-46,-23,-3,6,14,24,-5,10,12,12,-15,14,-15,-2,-15,15,12,-14,1,8,4,3,-18,-1,-2,13,3,-3,-2,7
531,-45,-24,-3,6,15,23,-5,11,13,11,-14,15,-15,-1,-15,14,11,-14,1,9,5,2,-18,-2,-1,12,3,-4,-1,7
532,-46,-25,-4,6,16,23,-4,11,14,10,-13,15,-15,0,-16,15,11,-15,2,8,4,3,-19,-3,-1,11,4,-5,0,6
533,-45,-25,-5,7,15,24,-5,12,14,10,-13,14,-14,0,-16,16,11,-15,2,9,5,2,-18,-2,-1,10,4,-4,0,7
534,-45,-24,-5,7,14,23,-4,11,14,11,-14,15,-14,1,-16,15,10,-16,1,9,5,3,-17,-2,0,10,4,-5,1,6
535,-46,-23,-5,7,14,23,-4,12,15,10,-13,16,-13,1,-16,16,9,-15,1,10,4,4,-16,-3,-1,10,4,-5,0,7
536,-47,-24,-5,6,13,24,-5,13,16,11,-14,17,-14,0,-15,16,8,-14,1,10,3,4,-17,-2,0,10,3,-6,1,7
537,-46,-25,-6,7,12,23,-4,13,15,10,-14,18,-13,0,-15,15,9,-13,1,9,2,4,-17,-3,0,9,4,-7,1,8
538,-47,-25,-7,6,11,24,-3,13,16,11,-15,17,-12,1,-16,14,8,-14,0,8,2,5,-16,-4,-1,10,4,-7,0,9
539,-47,-25,-7,6,12,24,-3,12,15,12,-14,16,-13,1,-17,13,7,-15,0,8,1,5,-16,-3,-1,10,5,-8,-1,8
540,-48,-25,-8,5,12,25,-3,12,16,13,-15,17,-14,1,-16,14,6,-14,-1,9,2,4,-17,-4,0,10,4,-8,-2,7
541,-48,-25,-8,4,11,26,-3,13,16,12,-14,17,-15,0,-16,15,5,-13,0,10,2,3,-17,-3,0,10,4,-8,-3,7
542,-48,-26,-9,3,11,27,-3,12,16,13,-15,16,-14,-1,-15,14,4,-13,-1,11,3,3,-17,-3,-1,11,4,-8,-3,6
543,-49,-25,-9,3,10,28,-2,13,16,13,-14,16,-15,-1,-14,13,3,-14,0,10,3,4,-18,-4,0,10,4,-7,-2,5
544,-49,-24,-8,4,11,28,-2,14,15,14,-13,15,-15,-1,-15,13,4,-13,-1,9,3,4,-18,-3,0,10,3,-7,-3,4
545,-48,-24,-9,4,10,29,-1,13,14,14,-13,15,-15,-1,-16,14,5,-12,-2,10,4,3,-18,-2,0,9,4,-6,-3,5
546,-47,-23,-9,3,11,28,-2,13,15,15,-13,16,-16,-1,-15,13,4,-12,-1,10,3,4,-19,-1,-1,10,4,-6,-4,6
547,-48,-24,-10,3,12,28,-2,13,15,14,-14,15,-17,-2,-16,12,3,-13,-1,9,2,4,-19,-2,-1,9,3,-7,-5,5
548,-48,-24,-10,2,12,29,-3,13,15,15,-13,16,-18,-1,-16,13,3,-13,-2,8,2,4,-20,-1,-2,10,3,-7,-5,6
549,-48,-24,-11,1,13,29,-2,14,14,16,-13,17,-18,0,-15,12,3,-14,-2,7,3,5,-19,-1,-3,11,4,-7,-6,7
550,-49,-23,-10,0,12,29,-2,15,14,15,-14,18,-18,1,-15,11,4,-15,-2,6,4,5,-20,-1,-2,11,5,-6,-5,8
551,-48,-22,-10,0,11,30,-1,16,14,15,-14,19,-18,0,-15,10,3,-16,-1,5,3,6,-21,-2,-3,11,5,-6,-4,7
552,-48,-23,-9,0,12,29,-2,16,15,16,-14,18,-18,0,-16,9,4,-15,0,5,4,6,-22,-3,-3,10,4,-5,-4,7
553,-49,-24,-8,1,11,28,-2,17,15,17,-13,17,-17,-1,-16,10,5,-15,1,4,3,7,-22,-2,-4,11,3,-5,-5,8
554,-48,-24,-9,2,10,28,-2,16,15,16,-14,17,-17,-2,-16,10,6,-14,0,3,3,6,-23,-3,-5,11,3,-4,-5,9
555,-49,-23,-8,3,11,27,-1,16,16,16,-14,16,-18,-1,-17,10,5,-13,-1,2,3,6,-23,-3,-4,12,3,-4,-6,10
556,-49,-22,-8,2,12,27,0,16,16,15,-15,16,-19,-2,-16,11,5,-12,-2,2,2,5,-23,-2,-5,13,2,-5,-6,10
557,-49,-23,-8,2,12,26,1,17,17,16,-15,15,-19,-3,-15,12,4,-13,-3,3,2,6,-22,-1,-4,14,3,-4,-6,9
558,-50,-24,-9,3,13,27,2,17,18,15,-14,14,-18,-2,-15,11,4,-12,-3,3,3,7,-21,-2,-4,15,3,-4,-5,10
559,-49,-24,-8,4,13,27,2,16,17,15,-14,13,-19,-2,-16,11,3,-13,-3,3,3,8,-22,-1,-5,15,4,-3,-4,10
560,-49,-24,-8,5,14,27,2,15,18,14,-15,14,-19,-2,-15,10,4,-14,-3,3,2,9,-21,0,-5,14,4,-2,-4,11
561,-49,-23,-8,5,14,26,2,14,19,14,-14,15,-19,-3,-14,10,5,-13,-2,4,3,8,-21,-1,-5,13,5,-2,-4,12
562,-49,-24,-9,4,15,26,1,13,20,14,-13,15,-19,-2,-14,10,4,-13,-3,5,4,9,-20,0,-4,14,5,-3,-5,11
563,-49,-25,-8,3,16,25,1,12,21,14,-13,15,-20,-1,-15,11,4,-13,-2,4,3,10,-21,1,-5,13,5,-2,-5,10
564,-48,-25,-8,4,15,26,0,12,22,15,-14,14,-19,-2,-14,12,4,-14,-1,4,3,10,-20,0,-6,12,4,-3,-4,10
565,-47,-26,-7,5,16,26,-1,13,22,15,-14,13,-20,-1,-15,11,4,-14,0,4,4,11,-21,-1,-5,12,3,-3,-5,10
566,-47,-27,-6,5,16,27,-2,13,23,15,-14,12,-20,0,-16,12,4,-15,-1,4,3,11,-21,0,-4,12,4,-2,-6,9
567,-46,-27,-7,4,15,28,-1,14,24,15,-15,11,-20,-1,-17,13,5,-14,0,3,4,11,-21,1,-4,11,5,-1,-6,9
568,-46,-28,-7,3,14,29,0,13,23,15,-16,10,-19,0,-16,14,5,-13,-1,2,3,10,-22,2,-4,10,5,-2,-7,10
569,-45,-28,-7,3,13,30,1,13,23,16,-17,9,-19,0,-16,15,5,-13,-1,1,2,9,-21,2,-3,11,4,-2,-6,11
570,-45,-29,-7,4,12,30,2,13,23,16,-18,8,-18,1,-15,15,4,-12,-2,1,3,10,-20,3,-4,10,5,-3,-6,10
571,-44,-30,-8,4,12,30,1,12,24,16,-18,8,-17,2,-14,16,5,-11,-2,0,2,9,-19,4,-5,10,6,-2,-5,9
572,-45,-29,-7,5,13,31,0,12,23,15,-19,8,-16,1,-14,16,6,-12,-2,0,1,8,-19,4,-4,9,7,-1,-4,8
573,-44,-28,-6,4,14,30,0,13,22,15,-19,7,-15,1,-14,15,7,-13,-2,1,2,7,-20,3,-4,9,8,-2,-5,9
574,-43,-28,-5,5,13,29,-1,12,21,15,-20,8,-16,1,-14,14,6,-12,-3,1,3,7,-19,2,-3,10,8,-1,-5,9
575,-42,-27,-4,6,13,29,0,12,20,16,-20,7,-15,0,-15,15,5,-13,-3,1,3,8,-20,1,-4,11,8,-1,-4,9
576,-42,-27,-3,5,12,29,0,13,19,16,-20,7,-16,1,-15,15,5,-14,-4,1,4,8,-20,0,-3,11,8,-2,-3,9
577,-43,-26,-4,5,13,28,1,12,18,16,-19,7,-17,0,-15,16,5,-13,-4,1,4,7,-20,0,-2,12,9,-1,-4,10
578,-44,-26,-3,5,14,27,0,11,18,15,-19,6,-17,1,-14,17,4,-12,-3,2,3,8,-21,-1,-1,13,9,-2,-3,10
579,-44,-26,-3,6,14,28,-1,10,18,16,-18,5,-16,2,-15,18,3,-12,-3,1,4,7,-21,-2,0,14,9,-1,-2,9
580,-44,-26,-3,5,14,28,-1,10,17,16,-17,5,-15,3,-14,18,2,-12,-2,0,3,8,-21,-2,-1,13,8,-2,-1,8
581,-45,-27,-3,5,14,27,0,11,18,16,-18,6,-15,2,-13,19,1,-11,-2,1,3,8,-21,-2,-1,12,9,-2,-1,7
582,-46,-26,-3,6,15,27,-1,10,19,16,-19,6,-16,3,-12,19,2,-11,-2,0,2,9,-22,-1,0,12,8,-3,-2,7
583,-47,-26,-2,5,14,26,-2,10,19,16,-18,5,-17,3,-11,18,2,-11,-3,1,3,8,-22,-1,1,13,7,-3,-2,6
584,-47,-26,-3,5,14,26,-1,9,20,17,-17,6,-18,2,-12,19,1,-12,-2,0,4,8,-22,-1,0,14,7,-4,-1,5
585,-47,-25,-3,5,14,27,0,8,19,16,-18,5,-17,1,-12,20,0,-11,-1,-1,3,8,-23,-1,0,13,8,-5,-2,5
586,-46,-25,-2,4,14,27,-1,7,19,16,-17,4,-18,0,-11,20,0,-11,-1,0,2,8,-22,0,0,13,8,-4,-1,6
587,-45,-25,-3,3,13,27,0,8,19,16,-17,4,-19,1,-11,19,0,-11,-2,1,2,8,-22,1,-1,14,9,-5,-1,7
588,-44,-24,-4,4,13,28,-1,9,20,16,-18,3,-20,1,-10,19,0,-12,-1,2,3,8,-21,1,-1,15,8,-6,-2,7
589,-43,-23,-5,4,14,28,-1,10,19,15,-17,3,-20,1,-11,19,-1,-13,0,3,2,8,-21,0,0,14,7,-6,-1,8
590,-42,-23,-5,3,13,29,0,11,20,14,-16,2,-21,1,-12,18,-2,-12,1,4,1,8,-20,1,-1,13,8,-7,-2,9
591,-41,-23,-4,2,12,28,1,10,20,13,-15,2,-21,2,-12,19,-1,-13,2,3,2,9,-20,2,-2,12,8,-8,-3,8
592,-41,-22,-5,2,11,27,1,9,20,12,-16,2,-22,1,-13,19,-1,-13,1,4,2,9,-21,3,-3,11,9,-8,-3,7
593,-40,-21,-5,3,11,26,2,9,19,11,-15,2,-23,0,-12,19,-2,-12,0,3,3,10,-21,2,-4,10,9,-8,-3,7
594,-41,-20,-5,2,10,26,1,9,18,12,-16,2,-24,-1,-13,19,-2,-12,0,4,4,10,-22,2,-3,10,8,-8,-4,6
595,-40,-20,-6,2,10,26,0,8,17,12,-17,3,-25,-1,-13,18,-2,-11,-1,5,4,9,-23,3,-3,9,7,-7,-3,7
596,-41,-20,-5,3,10,26,-1,7,18,11,-17,2,-26,-1,-12,18,-3,-10,-2,6,3,10,-23,4,-3,10,6,-8,-3,6
597,-40,-21,-6,4,9,26,-2,8,18,11,-16,1,-25,-1,-12,17,-2,-11,-2,7,4,11,-22,3,-3,11,6,-7,-3,6
598,-41,-21,-7,5,9,25,-1,8,17,11,-15,0,-26,-2,-11,16,-3,-11,-1,8,3,12,-21,4,-4,11,7,-8,-2,6
599,-40,-22,-6,4,9,24,0,8,16,12,-14,0,-25,-1,-10,16,-2,-10,-2,9,2,12,-20,3,-5,10,7,-8,-2,7
600,-39,-23,-6,4,10,25,-1,9,17,11,-15,0,-25,-2,-9,15,-2,-9,-2,9,1,13,-20,2,-6,9,8,-7,-3,6
601,-39,-23,-6,4,9,25,-1,10,18,10,-16,0,-24,-1,-10,14,-3,-10,-1,9,2,13,-19,2,-6,8,7,-7,-2,7
602,-38,-22,-6,5,8,25,0,9,19,10,-16,0,-23,-2,-11,14,-4,-10,0,9,1,14,-18,2,-6,9,7,-7,-2,8
603,-38,-23,-5,4,9,26,1,8,19,10,-16,1,-22,-3,-11,13,-5,-10,1,8,2,13,-17,1,-7,9,8,-6,-1,7
604,-37,-23,-5,5,9,27,1,8,20,11,-17,0,-23,-4,-12,14,-6,-11,0,7,1,12,-17,2,-8,9,7,-5,-2,7
605,-37,-24,-5,4,10,28,1,8,19,11,-16,1,-22,-3,-11,15,-7,-10,0,8,0,11,-16,2,-9,8,8,-6,-1,7
606,-37,-23,-5,4,10,29,1,8,18,11,-15,1,-22,-4,-10,15,-8,-9,-1,9,0,11,-17,3,-10,8,9,-5,-2,7
607,-36,-24,-5,3,9,30,1,9,19,12,-14,2,-22,-5,-10,16,-8,-8,-1,8,1,11,-18,3,-11,9,10,-5,-3,6
608,-37,-24,-5,2,8,30,2,10,19,13,-15,1,-21,-4,-11,17,-8,-8,0,8,1,12,-19,3,-10,9,10,-4,-2,6
609,-37,-24,-5,3,7,31,2,10,18,12,-14,1,-22,-4,-12,17,-7,-8,0,7,1,13,-20,2,-9,9,10,-3,-3,6
610,-37,-24,-6,3,8,30,1,9,18,11,-13,2,-23,-4,-12,16,-7,-9,1,8,2,12,-20,1,-9,10,9,-3,-4,5
611,-38,-23,-5,3,7,31,1,10,17,11,-14,3,-23,-5,-12,16,-6,-8,2,7,1,13,-21,2,-10,11,10,-3,-3,4
612,-39,-24,-6,3,7,31,2,10,16,11,-14,2,-22,-4,-13,16,-6,-9,3,7,1,12,-21,1,-9,11,10,-3,-2,4
613,-38,-23,-6,4,6,30,2,9,15,11,-14,3,-23,-3,-12,16,-7,-9,3,8,2,13,-21,1,-10,12,11,-4,-3,4
614,-37,-23,-6,5,5,30,2,10,14,10,-13,3,-22,-4,-12,17,-8,-9,3,7,3,12,-21,0,-10,13,10,-5,-4,5
615,-37,-23,-6,5,5,30,2,10,14,9,-14,2,-21,-5,-12,16,-7,-9,4,6,2,13,-21,-1,-11,12,9,-4,-5,5
616,-36,-24,-5,4,6,30,3,9,14,8,-15,1,-21,-6,-12,17,-8,-8,3,6,1,12,-21,-2,-10,12,10,-4,-4,5
617,-36,-23,-5,5,5,29,3,8,13,7,-16,1,-21,-7,-12,18,-7,-7,3,7,0,13,-20,-3,-9,12,10,-4,-4,4
618,-37,-23,-6,5,5,29,2,8,13,6,-15,1,-22,-8,-12,19,-6,-7,4,6,0,13,-21,-4,-8,13,11,-4,-5,5
619,-38,-22,-7,6,5,30,2,8,13,7,-15,1,-22,-8,-13,18,-7,-6,5,7,0,14,-20,-3,-7,14,10,-3,-6,5
620,-39,-22,-7,5,5,30,2,8,13,6,-15,2,-21,-9,-12,17,-7,-5,4,8,0,14,-21,-4,-7,15,9,-3,-5,4
621,-38,-21,-8,5,5,31,1,7,12,6,-15,1,-20,-9,-12,17,-7,-4,4,8,-1,15,-21,-5,-7,16,9,-2,-4,5
622,-38,-20,-7,6,5,31,0,8,12,5,-15,2,-19,-9,-11,16,-8,-5,4,8,-2,15,-21,-4,-8,16,8,-3,-5,4
623,-39,-20,-7,5,5,31,-1,7,12,4,-15,3,-19,-10,-10,16,-9,-6,4,7,-1,14,-22,-3,-9,15,7,-3,-5,3
624,-38,-19,-7,4,6,31,0,8,11,4,-16,4,-18,-10,-9,16,-9,-5,4,8,-2,14,-22,-3,-10,15,7,-3,-5,4
625,-39,-18,-8,4,6,30,0,9,10,5,-17,4,-18,-9,-10,17,-10,-5,3,9,-2,13,-21,-4,-11,14,7,-3,-6,4
626,-39,-19,-9,5,6,29,1,8,11,4,-16,5,-18,-10,-10,17,-10,-5,2,8,-3,12,-21,-4,-12,15,8,-2,-7,4
627,-39,-20,-10,4,7,30,0,8,12,4,-16,6,-18,-9,-10,18,-9,-5,2,7,-4,11,-22,-5,-12,16,7,-2,-8,4
628,-38,-19,-11,5,6,29,-1,9,12,5,-16,7,-19,-9,-9,18,-9,-4,2,7,-5,12,-21,-4,-12,16,7,-3,-7,5
629,-39,-20,-10,4,6,30,-1,10,12,6,-16,6,-18,-10,-8,19,-10,-3,2,6,-5,12,-21,-4,-13,16,8,-4,-7,5
630,-38,-21,-11,5,5,31,0,11,13,7,-15,5,-18,-10,-7,18,-10,-2,3,6,-4,13,-20,-4,-12,16,9,-5,-7,6
631,-38,-22,-12,6,5,31,0,11,12,6,-16,6,-18,-9,-6,17,-10,-3,3,5,-3,14,-20,-3,-13,16,9,-4,-7,7
632,-39,-23,-13,6,6,32,-1,12,12,6,-17,7,-18,-8,-6,17,-9,-3,2,5,-2,13,-19,-4,-14,16,9,-5,-7,6
633,-40,-24,-14,5,6,31,-2,11,11,6,-18,8,-18,-8,-5,17,-9,-3,1,4,-1,14,-18,-5,-15,17,8,-5,-7,6
634,-41,-25,-14,6,7,30,-2,10,12,6,-19,7,-18,-9,-4,18,-10,-4,1,5,0,15,-17,-5,-16,16,8,-6,-6,5
635,-41,-26,-13,6,7,31,-1,11,11,5,-18,7,-19,-9,-5,18,-9,-3,2,5,1,15,-18,-4,-15,16,9,-6,-6,6
636,-41,-26,-12,5,7,30,-1,10,11,6,-18,6,-19,-9,-4,18,-8,-3,1,6,2,15,-19,-5,-14,16,9,-6,-7,5
637,-41,-25,-11,6,6,29,-1,10,10,6,-18,7,-19,-9,-5,18,-8,-3,2,5,1,16,-20,-4,-14,16,8,-6,-7,4
638,-41,-26,-11,6,5,29,0,9,9,7,-18,7,-18,-8,-6,18,-9,-4,3,5,2,15,-19,-4,-13,15,9,-7,-8,5
639,-41,-26,-12,7,6,29,-1,10,8,7,-19,7,-19,-8,-7,19,-9,-5,2,5,2,15,-20,-5,-12,14,10,-6,-8,4
640,-42,-26,-11,8,5,29,-1,11,7,6,-20,7,-18,-9,-6,18,-9,-5,3,6,2,16,-21,-6,-12,13,11,-7,-7,4
641,-41,-27,-10,7,4,29,-2,10,6,5,-19,6,-19,-8,-5,18,-9,-4,4,6,2,17,-20,-7,-13,14,10,-6,-6,4
642,-40,-27,-9,6,4,29,-3,9,5,5,-18,5,-19,-7,-4,19,-8,-5,4,5,2,17,-19,-7,-12,14,9,-7,-7,5
643,-39,-28,-10,6,4,28,-2,10,6,6,-18,4,-18,-6,-5,19,-8,-6,4,5,2,16,-20,-8,-11,13,9,-8,-7,4
644,-39,-28,-9,5,3,27,-1,9,6,5,-19,4,-17,-7,-6,18,-7,-6,4,5,1,17,-21,-9,-11,13,10,-7,-6,4
645,-40,-29,-8,4,3,27,-1,10,6,6,-18,5,-16,-6,-6,17,-8,-5,4,4,2,17,-21,-8,-10,14,11,-8,-5,5
646,-40,-28,-8,3,4,28,0,10,6,5,-19,5,-15,-6,-7,17,-8,-4,4,5,3,18,-22,-7,-9,13,11,-9,-6,4
647,-41,-29,-9,3,4,27,-1,11,6,6,-19,5,-15,-7,-8,18,-7,-5,3,5,4,19,-22,-8,-10,14,10,-8,-5,4
648,-42,-28,-10,4,4,27,-1,12,7,5,-18,6,-14,-7,-8,18,-6,-6,3,4,4,20,-22,-8,-9,13,9,-9,-6,4
649,-42,-28,-9,4,3,27,0,12,8,4,-18,6,-15,-8,-8,18,-7,-7,4,3,3,20,-22,-8,-9,14,10,-10,-7,3
650,-43,-29,-9,4,2,27,1,12,8,3,-19,6,-16,-9,-8,17,-8,-6,4,2,4,21,-23,-8,-9,14,9,-10,-8,3
651,-44,-28,-10,3,1,27,1,12,8,3,-19,7,-16,-9,-7,16,-9,-7,3,1,5,22,-22,-7,-8,13,8,-10,-8,3
652,-45,-29,-11,3,1,26,1,13,8,2,-20,6,-15,-10,-8,15,-10,-6,3,0,5,23,-22,-8,-9,14,8,-9,-7,2
653,-46,-29,-11,4,0,27,0,13,9,3,-21,7,-16,-10,-9,15,-9,-7,4,1,6,23,-22,-7,-9,15,7,-10,-7,3
654,-46,-29,-11,3,-1,28,-1,13,10,4,-20,8,-15,-10,-8,15,-8,-6,5,0,7,22,-23,-8,-9,15,8,-9,-8,3
655,-45,-30,-10,3,-2,29,-2,12,11,3,-20,7,-16,-10,-8,15,-8,-5,4,0,6,23,-22,-9,-9,16,8,-9,-7,3
656,-44,-31,-11,2,-3,30,-3,13,11,3,-21,8,-16,-11,-8,15,-9,-6,5,0,5,23,-23,-8,-9,17,7,-10,-7,3
657,-45,-30,-10,3,-3,30,-3,13,12,4,-22,9,-17,-10,-7,14,-10,-5,6,0,5,24,-23,-9,-8,16,6,-10,-7,2
658,-44,-31,-9,3,-2,30,-3,14,13,4,-23,10,-18,-11,-8,15,-9,-4,5,0,4,24,-23,-8,-9,16,6,-10,-6,1
659,-43,-31,-10,3,-2,31,-3,15,14,5,-23,9,-18,-12,-7,16,-8,-4,6,-1,3,24,-24,-7,-10,16,7,-9,-7,1
660,-43,-30,-10,2,-2,32,-4,14,13,5,-24,8,-18,-11,-7,17,-9,-5,6,-1,2,25,-25,-8,-11,15,7,-10,-6,2
661,-43,-31,-9,1,-3,33,-5,15,13,4,-25,8,-19,-10,-6,18,-10,-6,5,-1,2,24,-26,-8,-12,16,8,-11,-5,2
662,-44,-30,-9,1,-2,34,-6,15,14,4,-24,7,-19,-9,-6,17,-11,-6,6,0,2,23,-25,-9,-12,17,9,-11,-6,2
663,-45,-31,-8,1,-2,34,-6,15,13,3,-23,7,-19,-8,-6,17,-10,-5,5,0,1,23,-26,-9,-12,18,8,-12,-7,1
664,-45,-32,-7,0,-3,34,-7,16,13,4,-22,7,-19,-9,-6,17,-9,-6,6,-1,0,22,-26,-10,-11,19,9,-13,-7,2
665,-44,-31,-6,1,-4,34,-6,15,14,3,-21,6,-19,-8,-6,18,-9,-7,6,0,0,23,-25,-9,-12,20,10,-14,-7,1
666,-44,-30,-6,2,-4,35,-7,14,15,2,-20,7,-20,-9,-7,18,-9,-6,5,0,0,23,-25,-8,-13,21,11,-13,-7,2
667,-45,-30,-7,2,-5,34,-7,15,15,2,-19,7,-19,-10,-6,19,-8,-6,4,0,-1,24,-25,-7,-12,21,12,-12,-7,1
668,-44,-31,-8,2,-5,33,-7,15,16,2,-20,6,-20,-11,-6,19,-7,-6,4,-1,0,23,-24,-6,-13,20,13,-11,-6,0
669,-44,-30,-8,3,-5,33,-6,15,17,1,-19,7,-19,-10,-5,18,-6,-5,5,-2,1,23,-25,-7,-12,20,12,-10,-6,-1
670,-44,-30,-8,3,-6,33,-7,14,18,2,-18,8,-20,-10,-4,17,-5,-4,6,-1,2,22,-24,-6,-11,20,13,-11,-6,-1
671,-44,-30,-9,3,-7,32,-8,14,19,2,-19,9,-19,-9,-5,18,-6,-4,6,-1,2,21,-23,-6,-11,19,12,-12,-5,-2
672,-45,-31,-8,4,-6,33,-8,14,18,3,-20,10,-19,-8,-5,19,-5,-5,6,-1,1,22,-23,-5,-11,18,13,-12,-6,-1
673,-44,-31,-7,3,-5,33,-9,15,19,4,-21,11,-18,-7,-5,19,-5,-5,7,-2,1,22,-22,-4,-11,17,14,-11,-5,-1
674,-43,-32,-7,3,-5,33,-9,16,19,3,-22,10,-19,-6,-4,18,-6,-6,6,-1,1,22,-23,-5,-12,16,14,-11,-6,-1
675,-44,-33,-6,2,-5,34,-9,15,18,2,-21,11,-18,-7,-5,19,-7,-5,7,0,2,22,-22,-4,-11,17,14,-10,-5,-1
676,-44,-34,-7,2,-6,33,-9,15,18,2,-21,12,-18,-6,-6,20,-6,-4,7,-1,2,23,-22,-4,-10,18,14,-11,-6,-1
677,-43,-33,-8,1,-7,34,-9,15,17,1,-21,13,-18,-5,-6,21,-5,-3,6,0,1,23,-21,-5,-10,17,15,-10,-7,-2
678,-42,-32,-7,0,-6,34,-10,15,18,1,-22,12,-18,-4,-5,22,-4,-4,6,1,1,24,-21,-6,-11,16,14,-10,-8,-2
679,-41,-33,-8,0,-5,33,-10,14,18,1,-23,12,-19,-3,-5,23,-4,-3,7,0,1,25,-22,-5,-10,17,14,-9,-7,-2
680,-42,-33,-8,-1,-6,34,-9,14,18,2,-22,13,-20,-3,-4,23,-3,-2,7,-1,2,26,-21,-5,-11,18,14,-8,-8,-2
681,-42,-34,-8,0,-6,34,-9,15,18,3,-22,13,-20,-3,-5,24,-2,-3,6,-1,3,25,-21,-4,-12,18,15,-9,-9,-1
682,-41,-33,-8,-1,-7,34,-9,16,19,2,-22,12,-21,-4,-4,23,-1,-2,5,0,4,25,-20,-4,-12,17,15,-10,-8,0
683,-41,-34,-9,-2,-7,35,-9,17,19,1,-22,12,-20,-3,-4,23,-1,-3,4,0,3,25,-19,-3,-11,18,16,-11,-8,-1
684,-40,-35,-8,-3,-6,35,-8,18,19,2,-21,13,-19,-2,-5,22,0,-4,4,0,2,25,-20,-3,-12,18,17,-11,-8,-1
685,-40,-34,-8,-3,-5,35,-7,19,20,1,-22,14,-19,-2,-5,23,1,-4,5,-1,3,26,-20,-3,-11,17,17,-10,-9,-2
686,-41,-35,-7,-4,-5,36,-8,20,21,0,-22,15,-20,-1,-5,23,0,-5,4,-1,4,26,-19,-3,-11,18,16,-11,-8,-1
687,-41,-35,-7,-4,-4,37,-7,19,22,1,-23,14,-20,-1,-6,23,-1,-6,4,-1,3,27,-18,-2,-12,19,15,-11,-9,-2
688,-41,-34,-7,-3,-4,38,-7,18,23,0,-22,14,-21,0,-7,23,-2,-5,4,-2,2,26,-19,-2,-13,18,15,-11,-10,-1
689,-41,-35,-8,-2,-4,39,-6,18,23,-1,-21,13,-22,1,-8,22,-2,-4,4,-3,2,26,-20,-3,-12,19,15,-11,-10,0
690,-42,-34,-9,-3,-4,40,-7,19,24,0,-21,13,-21,1,-7,23,-1,-5,5,-3,2,27,-19,-4,-13,20,14,-10,-10,0
691,-41,-33,-10,-3,-5,41,-8,20,25,0,-22,12,-20,1,-8,24,-2,-4,5,-3,2,28,-20,-5,-12,20,13,-10,-9,-1
692,-42,-34,-10,-4,-6,40,-8,21,24,0,-22,11,-20,1,-7,25,-1,-5,4,-2,2,28,-21,-4,-12,21,14,-9,-10,0
693,-42,-34,-10,-5,-6,41,-9,22,23,-1,-21,10,-21,0,-8,25,0,-5,3,-2,1,29,-20,-4,-13,22,13,-9,-9,-1
694,-41,-33,-9,-4,-6,40,-10,23,23,0,-21,9,-22,-1,-9,25,-1,-5,4,-2,2,30,-21,-5,-13,21,13,-10,-8,-2
695,-42,-33,-8,-3,-7,39,-11,22,22,0,-21,10,-22,0,-10,25,0,-4,3,-2,1,29,-22,-6,-14,22,14,-10,-9,-3
696,-42,-34,-9,-2,-7,39,-12,23,23,-1,-21,11,-23,0,-11,25,-1,-3,2,-3,2,30,-21,-5,-13,22,15,-11,-10,-4
697,-41,-35,-10,-1,-8,38,-13,22,23,0,-20,10,-22,1,-11,26,-2,-4,2,-2,3,29,-21,-5,-13,22,16,-10,-9,-5
698,-41,-35,-11,-2,-8,39,-13,23,22,0,-21,10,-22,1,-10,25,-1,-5,2,-2,2,29,-20,-6,-12,22,15,-9,-10,-4
699,-40,-34,-12,-3,-9,40,-12,23,23,0,-20,9,-22,0,-10,24,-1,-4,2,-1,1,28,-21,-6,-13,21,16,-8,-9,-5
700,-39,-33,-12,-3,-10,40,-13,22,23,0,-21,9,-22,0,-9,24,0,-3,1,0,0,27,-20,-7,-14,20,17,-8,-9,-5
701,-40,-34,-13,-3,-9,41,-14,23,22,1,-20,8,-21,0,-8,23,0,-2,1,-1,1,28,-20,-7,-15,20,18,-8,-9,-5
702,-39,-35,-14,-4,-9,41,-13,23,22,1,-20,9,-20,-1,-8,24,1,-1,2,-1,2,28,-19,-7,-15,20,17,-9,-10,-5
703,-38,-36,-14,-4,-8,42,-12,24,23,2,-19,10,-19,0,-7,25,1,-2,3,-1,1,28,-20,-8,-15,19,18,-10,-9,-5
704,-39,-37,-13,-5,-9,41,-11,24,24,3,-19,11,-19,1,-6,24,1,-1,4,-2,1,27,-19,-8,-14,19,18,-10,-8,-4
705,-40,-36,-13,-6,-9,42,-10,24,24,4,-18,11,-20,1,-7,25,0,-2,4,-3,0,26,-18,-9,-15,20,18,-11,-9,-4
706,-39,-35,-12,-6,-8,43,-9,25,24,4,-19,11,-20,2,-6,24,1,-2,5,-2,0,25,-17,-10,-14,21,19,-10,-10,-4
707,-38,-35,-13,-7,-7,43,-8,24,24,5,-20,10,-19,3,-5,23,1,-2,6,-2,-1,25,-16,-11,-14,22,18,-11,-10,-5
708,-39,-34,-13,-7,-8,44,-7,24,23,6,-20,9,-18,4,-4,22,0,-1,6,-3,-2,26,-15,-11,-13,21,17,-10,-10,-4
709,-40,-34,-13,-7,-9,44,-6,23,22,6,-20,10,-19,3,-4,22,0,0,5,-2,-2,26,-15,-12,-14,22,16,-11,-11,-4
710,-41,-33,-12,-8,-10,45,-7,22,23,5,-20,11,-18,3,-5,21,1,0,6,-2,-2,27,-15,-13,-15,21,15,-11,-11,-4
711,-42,-32,-11,-9,-10,44,-8,22,23,6,-19,11,-19,3,-6,21,1,-1,5,-1,-3,26,-16,-13,-15,20,15,-11,-11,-5
712,-41,-33,-12,-9,-9,44,-7,21,22,6,-20,12,-19,3,-5,20,2,0,6,-2,-2,27,-16,-13,-16,20,16,-12,-11,-5
713,-40,-34,-13,-9,-9,43,-6,20,22,7,-19,13,-20,2,-4,19,2,-1,7,-2,-1,28,-16,-13,-17,19,16,-13,-10,-5
714,-39,-33,-12,-10,-9,44,-5,19,22,6,-20,13,-20,1,-5,20,2,-2,8,-2,-1,29,-17,-13,-16,19,16,-14,-9,-4
715,-40,-32,-13,-11,-9,45,-5,18,21,5,-19,14,-20,1,-6,19,1,-2,9,-3,0,30,-18,-12,-15,20,16,-14,-9,-3
716,-41,-31,-12,-11,-9,46,-6,18,22,6,-20,13,-20,1,-7,18,1,-1,10,-3,0,29,-18,-11,-16,19,15,-15,-9,-2
717,-40,-31,-12,-10,-8,47,-5,18,22,5,-20,13,-19,0,-8,17,2,0,10,-4,0,28,-17,-12,-16,20,16,-16,-9,-2
718,-41,-30,-12,-9,-9,48,-4,17,23,6,-19,14,-20,-1,-7,17,1,1,11,-5,0,27,-18,-11,-15,20,16,-17,-10,-2
719,-42,-29,-12,-10,-10,49,-5,16,22,6,-18,15,-19,0,-6,16,0,2,11,-5,1,26,-18,-10,-16,20,16,-18,-9,-3
720,-41,-29,-12,-9,-11,49,-5,17,23,6,-17,16,-19,1,-5,16,-1,2,11,-5,1,27,-19,-10,-17,20,15,-17,-8,-4
721,-42,-30,-12,-8,-11,49,-5,16,24,7,-16,16,-20,0,-5,15,-2,2,11,-5,1,28,-20,-9,-17,19,15,-17,-9,-5
722,-41,-31,-12,-9,-10,49,-5,15,23,6,-17,16,-19,-1,-5,15,-2,3,11,-4,1,28,-20,-8,-17,20,14,-16,-8,-5
723,-41,-30,-13,-9,-11,50,-4,16,22,5,-17,15,-18,-1,-5,15,-1,3,10,-3,2,28,-20,-8,-17,19,15,-16,-9,-5
724,-42,-31,-14,-8,-10,51,-4,15,23,6,-17,16,-19,-2,-5,14,-1,4,11,-4,1,28,-19,-7,-17,18,16,-16,-8,-4
725,-42,-30,-15,-7,-9,51,-3,14,24,6,-18,17,-19,-1,-4,14,0,5,12,-3,0,29,-18,-7,-16,18,16,-16,-9,-4
726,-42,-30,-14,-8,-9,52,-4,14,25,5,-19,18,-20,0,-5,15,1,5,12,-2,0,29,-19,-8,-16,17,15,-17,-8,-3
727,-41,-30,-13,-9,-8,52,-3,13,26,6,-19,17,-19,1,-6,15,1,6,11,-2,1,28,-19,-7,-17,17,15,-17,-7,-3
728,-41,-31,-14,-10,-7,51,-2,13,26,7,-19,18,-20,1,-6,16,0,5,12,-2,2,29,-19,-8,-16,17,15,-18,-8,-2
729,-40,-32,-13,-9,-7,52,-2,14,25,8,-20,17,-19,2,-5,16,1,5,11,-2,2,28,-18,-7,-17,18,15,-17,-8,-3
730,-41,-33,-13,-10,-6,51,-3,14,26,9,-20,16,-18,3,-6,15,2,5,11,-2,3,29,-17,-7,-18,17,16,-17,-8,-2
731,-41,-34,-14,-10,-7,52,-3,13,27,10,-21,15,-17,3,-7,15,2,6,12,-1,4,29,-16,-8,-17,18,15,-18,-8,-1
732,-42,-34,-15,-9,-6,51,-2,12,26,10,-21,15,-17,4,-7,16,1,7,12,-1,4,29,-15,-7,-18,18,16,-17,-9,0
733,-43,-33,-14,-10,-6,51,-1,13,26,9,-20,15,-17,3,-8,17,2,7,13,0,4,30,-14,-7,-19,18,17,-18,-10,1
734,-44,-34,-15,-11,-7,50,-2,14,25,9,-21,15,-17,4,-9,18,3,8,14,0,3,30,-14,-6,-20,17,16,-18,-9,0
735,-44,-33,-14,-12,-7,49,-1,15,26,10,-21,15,-16,4,-9,17,4,7,13,0,3,31,-15,-7,-21,18,16,-17,-8,-1
736,-43,-33,-15,-11,-7,49,-1,16,27,9,-22,14,-15,3,-10,18,4,8,12,1,2,32,-14,-8,-21,17,16,-16,-8,-1
737,-43,-34,-16,-10,-7,48,0,17,26,10,-22,14,-15,4,-10,19,5,7,11,0,2,33,-14,-7,-21,17,17,-17,-7,-2
738,-43,-34,-15,-10,-8,47,1,16,26,10,-21,14,-16,3,-11,18,5,7,11,-1,3,34,-13,-7,-22,18,18,-16,-8,-1
739,-42,-33,-16,-11,-8,48,1,15,25,9,-21,15,-17,2,-10,18,5,7,12,-2,3,35,-12,-7,-21,17,19,-16,-8,-2
740,-43,-32,-16,-12,-7,49,2,14,25,8,-22,15,-18,2,-11,18,4,7,11,-2,2,36,-13,-6,-22,18,18,-17,-8,-1
741,-43,-33,-16,-13,-8,48,1,15,24,7,-23,15,-18,2,-11,18,3,8,12,-3,1,36,-13,-5,-22,18,19,-18,-8,-1
742,-43,-34,-17,-13,-8,49,1,16,23,6,-23,15,-17,3,-10,19,4,8,12,-3,0,35,-14,-4,-23,17,20,-18,-9,0
743,-43,-33,-16,-14,-8,48,0,15,22,6,-22,16,-16,2,-10,20,4,8,11,-2,-1,36,-13,-5,-23,18,20,-17,-8,-1
744,-42,-34,-15,-14,-9,47,0,15,22,5,-21,16,-15,2,-10,19,5,9,11,-1,-1,35,-13,-5,-23,19,21,-18,-9,0
745,-43,-35,-14,-13,-9,47,-1,14,22,6,-21,16,-16,2,-10,20,4,10,10,-1,-2,36,-13,-5,-22,20,22,-18,-9,1
746,-43,-35,-15,-14,-10,48,-1,14,21,6,-22,15,-17,2,-11,19,3,10,9,0,-2,37,-12,-4,-21,20,22,-18,-9,1
747,-43,-34,-14,-15,-9,49,0,13,22,7,-22,15,-16,3,-11,20,3,11,8,-1,-3,37,-12,-4,-22,20,21,-17,-9,1
748,-43,-34,-14,-14,-9,50,1,14,21,6,-21,16,-16,3,-11,19,2,11,9,0,-3,36,-11,-3,-23,20,21,-18,-10,1
749,-42,-35,-13,-13,-9,49,0,14,21,5,-21,15,-16,2,-12,19,2,11,8,1,-3,35,-12,-4,-24,20,21,-18,-10,1
750,-41,-35,-13,-13,-9,49,-1,14,22,6,-22,15,-16,2,-11,18,3,12,9,1,-4,34,-12,-3,-25,20,20,-19,-11,1
751,-42,-36,-12,-14,-9,50,-1,15,22,5,-21,15,-16,2,-10,18,2,12,9,0,-4,35,-11,-4,-25,21,20,-19,-11,2
752,-41,-35,-13,-14,-9,49,-2,15,23,6,-21,15,-17,3,-10,19,2,11,9,0,-5,34,-10,-5,-26,22,21,-20,-11,2
753,-42,-34,-13,-13,-10,50,-1,16,24,6,-21,15,-18,3,-10,20,2,12,10,-1,-5,34,-11,-6,-27,23,22,-21,-11,1
754,-43,-34,-14,-14,-9,50,0,16,25,6,-22,16,-18,2,-10,21,3,12,11,0,-6,34,-11,-7,-27,24,21,-20,-11,1
755,-43,-33,-15,-14,-8,51,-1,15,25,7,-22,17,-19,3,-9,22,4,13,10,-1,-6,33,-10,-6,-26,24,20,-20,-12,0
756,-42,-32,-16,-15,-9,52,0,14,24,7,-23,18,-20,2,-9,21,3,12,9,-1,-7,32,-9,-5,-27,25,20,-21,-11,1
757,-41,-32,-16,-15,-8,53,-1,13,25,7,-24,18,-19,1,-9,21,4,13,10,-1,-8,33,-9,-6,-26,24,20,-22,-11,2
758,-41,-32,-15,-16,-9,53,-2,12,25,6,-25,18,-20,0,-10,22,3,14,9,-1,-7,33,-9,-5,-27,23,21,-21,-12,1
759,-40,-32,-14,-15,-9,53,-2,13,24,5,-26,19,-21,-1,-9,21,3,15,9,-2,-8,32,-8,-5,-26,23,22,-21,-11,0
760,-41,-31,-15,-16,-10,53,-3,14,25,4,-27,18,-22,-1,-9,22,3,16,10,-2,-7,31,-8,-5,-26,23,23,-20,-11,1
761,-42,-30,-15,-17,-11,52,-3,15,24,5,-27,18,-21,-2,-9,23,2,15,9,-1,-8,30,-8,-6,-26,22,23,-20,-10,0
762,-43,-30,-16,-17,-12,52,-4,15,25,5,-26,18,-21,-3,-8,23,2,16,9,0,-8,30,-7,-6,-25,22,24,-21,-10,0
763,-43,-29,-17,-17,-11,52,-4,14,25,4,-27,17,-20,-2,-8,24,1,15,9,0,-7,29,-6,-5,-25,23,23,-21,-10,-1
764,-42,-30,-16,-16,-11,53,-4,14,25,4,-28,17,-19,-3,-7,25,1,14,10,0,-8,28,-7,-5,-24,24,23,-21,-10,-1
765,-41,-29,-16,-15,-11,53,-5,15,26,4,-28,18,-20,-3,-8,25,0,14,9,-1,-8,27,-8,-4,-24,25,22,-21,-9,0
766,-42,-29,-16,-16,-12,54,-5,15,27,4,-29,17,-20,-4,-9,26,1,13,10,0,-9,26,-9,-5,-24,25,22,-22,-8,0
767,-42,-28,-15,-16,-12,54,-4,15,27,3,-28,17,-21,-3,-9,27,2,13,10,0,-10,25,-9,-6,-24,26,21,-21,-9,1
768,-43,-27,-14,-15,-13,53,-5,15,26,2,-27,17,-21,-4,-8,28,1,13,10,1,-11,26,-9,-6,-25,25,21,-20,-9,0
769,-43,-27,-13,-15,-13,54,-4,15,25,1,-28,18,-22,-4,-7,27,0,12,10,0,-12,25,-10,-7,-25,24,20,-20,-8,-1
770,-42,-26,-12,-14,-12,53,-5,14,26,0,-29,18,-23,-5,-7,28,0,11,11,-1,-11,24,-9,-8,-24,24,21,-21,-8,-2
771,-41,-27,-13,-15,-13,54,-6,13,26,0,-29,17,-24,-4,-6,28,-1,10,10,0,-12,25,-10,-9,-23,25,21,-22,-8,-3
772,-41,-27,-14,-16,-13,55,-7,12,26,0,-29,17,-24,-4,-5,28,-1,11,9,-1,-13,25,-10,-8,-23,25,22,-21,-9,-2
773,-42,-27,-14,-17,-12,54,-7,12,25,-1,-28,17,-25,-5,-6,29,0,12,10,-2,-13,25,-11,-9,-23,26,22,-21,-10,-2
774,-41,-26,-14,-17,-11,54,-8,11,26,0,-27,18,-26,-5,-5,29,-1,11,9,-1,-14,25,-12,-9,-23,26,22,-20,-9,-2
775,-42,-25,-13,-18,-11,54,-9,12,27,0,-27,19,-26,-5,-6,29,-2,12,10,-2,-13,26,-13,-8,-24,27,22,-21,-10,-1
776,-42,-26,-14,-18,-11,54,-8,13,27,0,-26,19,-25,-6,-5,29,-2,11,10,-2,-14,25,-12,-7,-23,27,22,-22,-10,-1
777,-41,-25,-15,-19,-10,55,-7,13,28,0,-26,20,-25,-7,-4,30,-3,12,9,-2,-15,26,-12,-8,-24,27,23,-21,-10,-1
778,-40,-26,-16,-18,-9,55,-7,13,27,0,-26,19,-25,-8,-4,31,-4,11,9,-1,-15,25,-13,-7,-25,27,23,-22,-10,-1
779,-41,-26,-15,-18,-8,55,-8,12,28,-1,-25,18,-25,-7,-3,30,-3,12,8,-2,-14,24,-13,-6,-26,26,23,-21,-9,-2
780,-42,-27,-14,-17,-8,56,-7,12,27,-1,-24,19,-25,-7,-3,31,-3,13,9,-3,-15,23,-14,-7,-27,26,24,-22,-9,-1
781,-42,-26,-14,-17,-7,56,-8,13,28,0,-25,20,-25,-7,-2,32,-2,13,10,-4,-16,23,-14,-6,-27,26,24,-22,-8,-1
782,-41,-26,-15,-17,-8,55,-7,13,28,-1,-26,20,-25,-8,-1,32,-3,13,9,-5,-17,23,-14,-6,-28,25,24,-21,-9,-1
783,-41,-25,-14,-16,-8,54,-6,14,27,-1,-26,20,-24,-9,-1,32,-3,14,10,-4,-16,23,-15,-6,-27,24,24,-22,-8,0
784,-41,-25,-14,-16,-9,54,-7,14,28,0,-27,20,-25,-9,-2,32,-3,15,9,-5,-15,23,-14,-5,-28,24,25,-21,-7,-1
785,-40,-24,-14,-17,-8,55,-6,14,29,-1,-26,20,-25,-9,-3,31,-4,16,8,-6,-15,22,-14,-5,-29,23,26,-22,-6,-1
786,-41,-24,-15,-17,-7,56,-6,15,29,-2,-27,21,-26,-9,-2,32,-5,15,9,-5,-14,22,-15,-6,-30,24,26,-23,-7,0
787,-42,-25,-15,-17,-8,57,-7,16,30,-3,-26,22,-25,-9,-2,31,-4,16,10,-4,-15,23,-15,-6,-30,24,26,-23,-6,0
788,-41,-24,-14,-18,-9,58,-8,15,31,-2,-26,23,-24,-10,-3,30,-3,17,9,-4,-14,22,-15,-6,-31,23,25,-23,-6,-1
789,-40,-24,-13,-18,-8,58,-9,15,31,-2,-27,24,-24,-9,-3,30,-3,18,10,-5,-13,21,-14,-7,-32,22,25,-23,-6,-2
790,-41,-24,-12,-19,-7,57,-8,15,31,-1,-27,24,-25,-8,-2,30,-2,18,9,-4,-12,22,-13,-7,-32,21,25,-24,-7,-3
791,-41,-23,-13,-20,-7,56,-7,15,31,-2,-26,23,-25,-9,-1,29,-3,18,9,-3,-11,22,-12,-7,-31,20,24,-24,-6,-4
792,-40,-22,-12,-21,-7,57,-7,15,30,-1,-27,22,-25,-8,0,29,-3,19,8,-3,-11,23,-11,-7,-31,19,23,-25,-5,-4
793,-40,-23,-11,-21,-6,57,-7,15,29,-1,-27,21,-24,-9,-1,29,-4,19,8,-3,-12,23,-10,-6,-32,18,22,-25,-4,-3
794,-41,-23,-12,-21,-6,58,-7,14,28,-1,-28,20,-25,-10,0,28,-4,18,9,-4,-12,24,-9,-6,-32,17,23,-24,-3,-3
795,-40,-24,-11,-21,-5,59,-8,15,28,0,-28,21,-26,-10,0,29,-3,17,8,-4,-11,25,-10,-7,-31,17,24,-23,-3,-3
796,-39,-25,-10,-21,-5,60,-7,15,27,0,-27,21,-26,-11,0,29,-2,16,7,-4,-10,24,-10,-7,-31,17,23,-23,-3,-2
797,-38,-26,-10,-20,-4,59,-6,15,28,1,-26,22,-27,-11,1,30,-1,17,6,-3,-9,24,-10,-8,-32,18,23,-23,-4,-1
798,-38,-26,-10,-21,-3,59,-6,15,28,1,-26,23,-28,-10,1,29,-2,17,7,-3,-9,24,-11,-7,-32,17,24,-22,-5,-1
799,-38,-26,-11,-21,-4,60,-6,15,29,0,-25,22,-28,-9,0,28,-1,16,8,-3,-8,25,-12,-6,-32,18,25,-23,-5,-1
800,-37,-26,-12,-21,-3,61,-5,15,30,1,-25,23,-29,-8,1,27,0,17,7,-4,-8,24,-11,-6,-32,18,24,-24,-5,0
801,-38,-25,-13,-20,-3,62,-4,16,30,1,-26,23,-29,-9,0,26,-1,16,8,-4,-8,25,-11,-6,-31,18,25,-24,-5,0
802,-38,-26,-13,-20,-4,62,-4,17,31,2,-25,23,-30,-9,-1,25,0,17,7,-5,-7,26,-11,-5,-31,19,26,-25,-4,1
803,-37,-26,-13,-19,-3,62,-4,17,31,2,-24,23,-31,-8,-2,25,1,16,8,-6,-6,26,-12,-4,-31,20,25,-25,-4,2
804,-37,-25,-14,-18,-4,62,-4,18,31,2,-23,22,-31,-7,-2,26,0,17,8,-6,-6,27,-12,-4,-30,21,25,-25,-5,3
805,-38,-26,-13,-19,-5,61,-3,17,32,1,-22,22,-30,-7,-1,25,0,16,9,-7,-6,27,-13,-3,-31,22,26,-26,-4,2
806,-37,-26,-12,-20,-6,61,-4,17,32,2,-22,23,-31,-6,-1,25,0,15,10,-6,-7,26,-14,-2,-32,21,27,-25,-4,2
807,-38,-27,-12,-21,-7,60,-5,18,32,2,-21,23,-30,-7,0,24,0,15,9,-7,-6,26,-13,-3,-33,21,26,-25,-5,2
808,-39,-28,-13,-20,-6,61,-5,19,33,3,-22,23,-29,-6,0,23,-1,15,9,-8,-5,25,-14,-2,-32,21,27,-24,-4,3
809,-40,-29,-12,-19,-6,62,-5,20,33,3,-21,24,-28,-5,0,23,0,14,10,-7,-6,24,-13,-1,-33,20,28,-25,-4,4
810,-41,-29,-12,-20,-6,61,-5,19,32,2,-20,23,-29,-4,0,24,1,14,10,-7,-6,23,-12,0,-34,21,29,-26,-5,5
811,-42,-30,-12,-20,-6,60,-6,19,32,1,-20,23,-28,-4,-1,23,2,15,11,-8,-6,24,-11,-1,-35,22,29,-27,-4,6
812,-43,-31,-13,-19,-7,60,-6,20,31,1,-20,24,-29,-3,0,22,2,16,11,-8,-7,23,-12,0,-34,23,30,-28,-5,6
813,-44,-31,-12,-19,-8,60,-6,19,31,2,-20,24,-29,-2,-1,23,3,15,11,-8,-7,22,-12,1,-35,23,30,-29,-4,5
814,-43,-32,-11,-20,-7,59,-5,19,31,2,-19,23,-28,-1,-1,23,3,16,10,-8,-7,22,-12,1,-34,22,30,-30,-4,5
815,-44,-32,-10,-19,-6,58,-5,20,30,3,-18,23,-27,0,-1,24,3,15,10,-7,-7,23,-12,2,-33,22,30,-29,-4,6
816,-43,-33,-11,-20,-5,58,-6,21,30,3,-17,22,-26,-1,-1,24,3,16,9,-6,-7,24,-12,2,-34,21,29,-28,-5,6
817,-42,-34,-12,-20,-5,57,-5,21,30,2,-18,21,-25,-1,-1,23,4,16,10,-7,-7,25,-12,3,-33,20,30,-27,-6,6
818,-43,-34,-13,-20,-6,56,-5,22,29,2,-19,21,-25,0,0,22,5,16,11,-7,-8,25,-13,4,-34,21,31,-28,-7,6
819,-44,-33,-12,-21,-6,56,-6,23,29,1,-18,20,-25,0,0,21,4,15,11,-7,-8,25,-12,5,-33,22,30,-29,-6,7
820,-43,-33,-12,-20,-7,55,-5,22,28,0,-18,21,-25,0,-1,21,4,16,12,-8,-9,26,-11,4,-34,21,31,-29,-7,7
821,-44,-33,-13,-20,-7,55,-4,23,29,-1,-19,21,-24,1,0,22,4,16,12,-9,-8,26,-11,5,-35,22,32,-28,-8,7
822,-45,-34,-14,-19,-7,56,-5,23,28,-1,-20,20,-24,0,-1,22,4,17,12,-9,-8,27,-12,5,-34,22,32,-29,-7,6
823,-46,-34,-13,-20,-6,55,-5,24,29,-1,-20,19,-24,0,-1,21,4,17,13,-10,-8,26,-12,4,-35,22,32,-29,-8,6
824,-45,-35,-14,-21,-6,54,-4,23,29,-2,-19,18,-24,-1,-2,20,4,16,13,-10,-8,26,-12,4,-36,23,33,-30,-8,6
825,-46,-35,-14,-22,-5,54,-5,24,29,-1,-19,17,-25,0,-2,20,5,16,12,-11,-8,25,-11,4,-36,24,32,-30,-8,6
826,-47,-35,-13,-22,-4,54,-6,24,30,-1,-18,18,-26,1,-1,21,4,17,12,-10,-8,24,-11,5,-36,24,33,-29,-8,6
827,-48,-36,-14,-22,-3,54,-5,25,31,0,-18,17,-26,0,-1,20,5,16,12,-9,-7,24,-12,5,-37,24,32,-29,-7,5
828,-49,-37,-14,-21,-4,53,-5,24,32,1,-17,16,-26,0,0,21,6,16,11,-10,-7,24,-13,5,-37,25,31,-28,-6,4
829,-48,-38,-13,-20,-5,54,-5,24,32,1,-18,17,-27,0,1,20,7,15,10,-11,-7,24,-14,6,-38,25,31,-29,-7,4
830,-49,-38,-12,-19,-5,55,-6,24,32,2,-18,17,-26,0,1,19,6,14,9,-10,-7,23,-14,5,-38,25,31,-29,-7,4
831,-50,-37,-12,-20,-6,56,-6,23,31,1,-17,18,-26,0,1,18,5,15,9,-9,-6,24,-15,6,-37,24,30,-30,-7,4
832,-49,-37,-12,-19,-7,56,-7,22,32,1,-18,17,-27,1,1,19,5,15,10,-10,-7,23,-14,7,-38,25,29,-29,-7,4
833,-48,-38,-12,-18,-7,55,-8,22,33,1,-19,18,-28,0,1,18,6,16,10,-10,-6,23,-14,7,-39,26,28,-29,-8,3
834,-49,-38,-12,-17,-6,55,-7,23,32,2,-19,17,-28,1,1,17,5,15,9,-11,-7,22,-13,7,-39,27,27,-29,-7,2
835,-49,-39,-11,-17,-6,56,-8,24,32,3,-18,18,-28,0,2,17,5,16,10,-11,-8,21,-14,7,-38,26,28,-28,-6,1
836,-49,-38,-12,-16,-7,57,-9,24,31,4,-17,17,-27,1,3,17,6,15,11,-11,-9,20,-15,7,-38,26,28,-27,-6,1
837,-48,-38,-12,-17,-7,58,-10,25,32,4,-17,16,-26,2,3,16,7,15,11,-10,-9,21,-16,7,-37,27,29,-27,-5,2
838,-47,-39,-12,-17,-8,57,-9,26,33,5,-17,16,-25,1,4,15,8,15,10,-10,-10,22,-17,8,-36,28,28,-27,-5,1
839,-47,-39,-11,-18,-7,58,-8,26,34,6,-16,17,-25,1,4,14,8,14,10,-9,-11,22,-16,9,-36,27,28,-28,-6,2
840,-48,-39,-12,-19,-8,59,-7,25,34,7,-16,18,-25,0,5,15,9,14,9,-9,-10,23,-16,8,-36,27,27,-28,-5,1
841,-47,-40,-12,-19,-8,58,-8,25,34,8,-17,19,-25,0,4,16,9,15,10,-9,-10,22,-17,7,-36,28,26,-27,-6,0
842,-47,-41,-13,-19,-8,59,-7,26,35,8,-17,18,-25,-1,3,17,9,14,9,-10,-11,23,-18,7,-35,29,25,-27,-7,1
843,-46,-41,-14,-19,-9,59,-7,27,36,8,-16,18,-24,-2,4,17,9,15,9,-11,-12,23,-19,7,-34,30,26,-28,-6,1
844,-45,-41,-14,-19,-10,58,-7,26,37,9,-15,19,-24,-1,5,16,8,15,8,-10,-13,24,-20,8,-34,31,27,-29,-7,0
845,-45,-41,-14,-19,-10,57,-7,26,38,9,-16,20,-23,-1,4,16,8,16,7,-10,-12,25,-21,8,-33,32,27,-30,-6,0
846,-46,-42,-13,-19,-9,57,-7,25,38,9,-16,19,-22,-2,4,17,7,16,7,-11,-11,26,-20,9,-33,31,28,-30,-5,0
847,-47,-41,-13,-18,-9,58,-7,24,37,10,-17,20,-23,-1,4,18,8,15,8,-12,-11,25,-21,10,-33,30,29,-30,-4,-1
848,-47,-42,-14,-17,-9,58,-6,25,36,9,-18,19,-23,-2,5,17,7,16,9,-11,-12,24,-20,11,-34,29,28,-29,-4,-1
849,-46,-43,-14,-16,-8,58,-6,26,37,8,-18,18,-23,-1,4,18,7,17,9,-11,-12,24,-21,12,-34,29,28,-29,-4,-1
850,-45,-44,-13,-17,-7,59,-7,27,36,9,-19,17,-22,-1,3,17,6,18,10,-11,-12,23,-20,11,-33,29,27,-30,-4,-2
851,-45,-43,-14,-16,-7,58,-7,28,36,8,-18,18,-23,0,3,18,7,17,9,-11,-11,24,-20,11,-34,28,28,-31,-3,-1
852,-46,-44,-13,-17,-7,58,-8,29,35,7,-19,19,-23,-1,3,19,6,16,8,-11,-11,23,-19,12,-34,29,29,-30,-2,-1
853,-45,-45,-14,-16,-7,59,-7,28,35,7,-18,20,-22,0,3,20,5,17,7,-11,-12,24,-20,12,-34,30,29,-29,-3,-2
854,-46,-44,-14,-16,-8,58,-8,29,36,7,-18,19,-21,0,4,19,5,16,7,-10,-13,24,-19,12,-34,30,30,-30,-4,-1
855,-47,-43,-15,-16,-7,59,-9,28,36,6,-17,20,-20,1,5,19,4,15,7,-11,-12,24,-18,13,-33,29,30,-31,-5,-2
856,-47,-44,-15,-17,-7,60,-10,29,35,5,-16,19,-19,2,5,19,4,16,7,-12,-13,23,-19,13,-33,28,29,-30,-4,-2
857,-46,-45,-15,-16,-7,61,-11,29,35,6,-17,20,-19,1,6,18,3,17,8,-11,-13,23,-19,14,-32,27,29,-29,-5,-2
858,-46,-45,-15,-16,-7,61,-10,29,34,7,-18,21,-20,2,7,18,2,16,9,-11,-14,24,-20,15,-31,26,29,-29,-5,-3
859,-45,-44,-15,-15,-7,62,-9,29,35,7,-19,21,-20,1,6,17,1,15,9,-10,-15,24,-21,15,-31,27,28,-29,-4,-3
860,-44,-44,-14,-16,-8,61,-8,28,36,7,-19,22,-19,0,6,16,2,16,9,-10,-16,23,-22,16,-31,28,29,-30,-5,-4
861,-45,-45,-15,-15,-7,60,-9,28,36,7,-19,22,-20,-1,7,15,3,17,9,-9,-16,23,-23,16,-32,27,28,-31,-4,-4
862,-44,-44,-15,-15,-8,60,-10,29,35,6,-19,21,-21,-2,6,16,3,17,10,-9,-17,22,-23,16,-31,27,28,-30,-4,-4
863,-44,-45,-15,-14,-7,59,-10,28,35,5,-20,22,-21,-3,6,15,3,16,10,-8,-17,23,-22,17,-30,27,29,-29,-5,-4
864,-43,-44,-16,-13,-8,59,-11,29,36,6,-19,23,-21,-3,7,15,2,15,10,-7,-17,22,-21,18,-29,26,28,-28,-5,-5
865,-44,-44,-17,-12,-8,60,-12,28,35,7,-19,24,-20,-4,8,14,1,16,9,-7,-18,22,-20,17,-28,26,28,-28,-5,-4
866,-45,-43,-18,-11,-8,59,-12,29,34,8,-18,23,-20,-3,9,15,1,17,10,-8,-17,23,-19,17,-28,25,29,-28,-4,-5
867,-45,-44,-19,-11,-8,58,-13,30,33,7,-17,24,-21,-3,10,16,0,18,9,-7,-18,22,-20,16,-28,25,30,-27,-5,-4
868,-44,-45,-18,-11,-9,57,-12,31,32,7,-17,23,-20,-4,11,17,1,19,9,-8,-19,23,-19,17,-27,25,29,-28,-4,-5
869,-44,-45,-19,-11,-10,57,-12,31,32,7,-18,22,-19,-4,12,17,0,18,10,-8,-20,23,-19,17,-26,25,28,-27,-5,-6
870,-44,-44,-19,-11,-11,58,-13,32,31,6,-17,22,-19,-4,12,18,0,19,9,-7,-19,24,-19,17,-27,25,28,-26,-6,-5
871,-43,-44,-19,-10,-11,59,-14,33,32,7,-16,22,-18,-4,11,19,1,18,10,-8,-18,25,-19,17,-26,24,28,-25,-5,-4
872,-42,-44,-18,-10,-11,59,-13,33,33,7,-17,22,-18,-4,11,20,0,18,9,-8,-19,24,-19,17,-26,24,28,-24,-4,-3
873,-41,-45,-19,-11,-12,59,-14,33,32,6,-18,23,-17,-5,12,21,1,18,8,-8,-19,23,-20,17,-25,25,28,-24,-4,-2
874,-42,-45,-20,-10,-12,60,-15,32,33,7,-18,24,-17,-5,11,21,1,18,8,-9,-20,23,-19,16,-25,26,29,-23,-4,-2
875,-42,-45,-21,-11,-12,60,-15,33,33,7,-19,24,-17,-5,11,22,0,19,8,-10,-21,24,-18,16,-24,26,30,-22,-3,-3
876,-42,-46,-20,-11,-13,59,-14,33,33,8,-19,25,-16,-4,12,21,0,20,7,-9,-22,25,-18,16,-24,27,29,-22,-4,-3
877,-42,-46,-20,-11,-12,60,-14,34,32,9,-18,25,-17,-4,13,22,-1,21,6,-9,-23,25,-18,15,-23,27,28,-22,-4,-2
878,-41,-46,-19,-10,-12,61,-13,35,31,10,-17,24,-16,-5,12,23,-2,20,5,-8,-22,26,-19,16,-23,26,28,-22,-3,-2
879,-41,-45,-18,-11,-13,60,-14,34,31,11,-18,24,-17,-6,13,22,-1,21,4,-7,-23,27,-18,15,-22,27,28,-23,-3,-3
880,-42,-44,-17,-10,-13,61,-13,34,32,12,-18,25,-18,-6,12,23,-1,21,5,-7,-23,27,-18,15,-23,28,27,-23,-3,-3
881,-43,-44,-16,-9,-13,61,-13,35,33,13,-17,24,-19,-7,12,24,-2,22,6,-6,-22,27,-17,15,-22,28,28,-23,-4,-4
882,-43,-43,-15,-9,-14,62,-14,35,32,14,-18,24,-19,-7,11,24,-1,22,6,-7,-23,26,-18,15,-23,28,27,-22,-3,-4
883,-44,-42,-15,-8,-13,61,-14,35,32,13,-19,25,-20,-7,12,24,-1,21,5,-6,-23,25,-18,14,-24,29,27,-22,-2,-4
884,-43,-41,-16,-8,-12,61,-15,35,31,14,-20,25,-21,-8,13,24,0,20,5,-7,-22,24,-19,15,-24,29,28,-22,-1,-5
885,-44,-42,-16,-8,-12,61,-15,35,30,13,-21,25,-21,-7,12,25,0,20,4,-7,-23,25,-19,16,-23,30,28,-22,-1,-6
886,-43,-43,-16,-7,-12,62,-15,36,31,12,-22,26,-21,-6,12,26,-1,19,3,-7,-24,25,-20,17,-23,31,29,-22,-1,-7
887,-43,-42,-17,-7,-12,61,-16,35,31,12,-23,25,-22,-7,12,27,0,19,3,-8,-23,25,-20,16,-22,30,29,-21,0,-7
888,-44,-42,-18,-6,-12,61,-15,36,32,13,-24,25,-23,-7,11,28,1,20,2,-7,-22,24,-20,17,-23,30,30,-21,-1,-6
889,-44,-42,-17,-7,-11,62,-15,36,33,14,-23,25,-22,-6,12,27,1,21,2,-6,-21,25,-20,16,-24,29,29,-22,-2,-7
890,-44,-43,-18,-7,-11,61,-14,35,32,15,-22,26,-22,-6,13,26,2,21,2,-5,-20,25,-19,15,-24,28,28,-21,-3,-8
891,-44,-43,-17,-7,-11,62,-15,36,32,16,-21,25,-22,-7,13,26,1,21,1,-5,-21,24,-19,15,-24,27,27,-21,-3,-7
892,-45,-42,-17,-6,-11,61,-14,37,33,15,-21,24,-21,-7,12,25,1,22,1,-6,-20,23,-19,14,-24,28,27,-20,-3,-6
893,-45,-42,-17,-6,-10,62,-15,37,33,15,-21,23,-22,-8,11,26,0,21,1,-6,-20,24,-20,14,-24,28,26,-21,-2,-6
894,-44,-42,-18,-5,-10,63,-16,37,34,14,-22,22,-21,-8,12,26,0,20,2,-5,-20,24,-21,15,-24,29,26,-22,-1,-6
895,-44,-41,-17,-4,-11,64,-15,38,35,14,-21,22,-20,-7,13,25,0,21,1,-5,-20,25,-22,15,-25,28,26,-23,-2,-6
896,-44,-42,-18,-5,-11,64,-15,38,36,15,-21,22,-21,-6,14,24,-1,20,1,-6,-20,26,-21,14,-25,28,27,-22,-2,-6
897,-43,-42,-17,-6,-11,63,-16,38,35,14,-22,23,-22,-7,13,23,-1,21,1,-5,-20,27,-21,13,-24,29,26,-21,-2,-5
898,-43,-41,-18,-5,-11,62,-16,38,34,14,-22,22,-21,-7,14,23,-1,21,0,-5,-19,27,-21,14,-23,30,25,-22,-1,-5
899,-42,-42,-18,-5,-12,61,-15,39,33,15,-23,22,-21,-6,13,24,-2,20,1,-6,-18,28,-20,15,-22,31,24,-22,-1,-6
900,-41,-42,-19,-6,-13,61,-15,38,33,15,-22,23,-21,-5,12,25,-1,20,2,-5,-18,29,-21,14,-22,30,24,-22,0,-5
901,-40,-42,-18,-6,-13,61,-16,38,33,16,-23,23,-22,-5,11,24,-2,21,1,-4,-17,29,-20,14,-21,31,24,-23,-1,-5
902,-41,-42,-18,-7,-13,60,-17,37,34,15,-24,22,-21,-6,12,25,-1,22,1,-4,-16,29,-21,15,-21,31,25,-23,0,-4
903,-42,-43,-19,-6,-14,61,-18,37,34,15,-25,21,-22,-5,13,24,-1,22,0,-4,-16,28,-20,16,-21,31,25,-23,0,-3
904,-41,-43,-19,-6,-13,61,-18,37,34,14,-25,22,-23,-6,14,25,0,23,0,-3,-15,27,-20,15,-21,32,26,-24,-1,-4
905,-42,-42,-19,-7,-13,61,-17,38,34,15,-26,23,-24,-6,15,25,1,23,1,-3,-14,27,-20,14,-21,33,26,-23,0,-4
906,-42,-43,-19,-8,-13,62,-18,37,33,15,-27,22,-24,-6,16,25,2,24,0,-2,-13,28,-19,13,-21,34,27,-23,1,-5
907,-42,-43,-18,-9,-12,62,-17,37,34,16,-26,23,-24,-7,17,25,2,23,1,-1,-13,29,-19,12,-22,33,28,-23,1,-6
908,-41,-44,-18,-8,-12,62,-17,36,35,15,-25,22,-24,-7,16,26,1,22,2,0,-12,30,-19,13,-22,32,28,-23,0,-7
909,-42,-44,-18,-7,-11,63,-16,35,35,16,-26,21,-25,-8,15,26,2,23,1,0,-13,29,-18,12,-22,33,27,-23,0,-8
910,-43,-45,-19,-7,-10,63,-16,35,36,15,-26,22,-26,-7,14,26,1,23,0,-1,-14,30,-19,12,-22,34,26,-23,0,-9
911,-44,-46,-20,-6,-10,62,-17,34,35,16,-26,23,-26,-7,15,26,2,22,-1,0,-13,29,-20,12,-23,35,27,-23,0,-9
912,-45,-45,-21,-5,-11,61,-17,34,36,17,-26,22,-26,-7,16,26,2,23,-1,0,-14,28,-19,12,-23,35,26,-22,0,-10
913,-46,-44,-21,-5,-11,62,-16,33,37,18,-25,22,-27,-6,15,25,1,22,0,0,-15,29,-19,13,-22,35,27,-23,1,-10
914,-47,-45,-21,-4,-12,63,-17,32,37,17,-26,21,-27,-6,14,26,2,22,-1,0,-15,28,-20,13,-22,36,28,-24,2,-11
915,-47,-44,-20,-5,-11,62,-17,32,36,17,-27,20,-26,-5,15,26,3,23,-2,1,-15,29,-20,14,-22,37,28,-25,2,-12
916,-46,-45,-21,-6,-11,61,-17,33,37,18,-27,19,-27,-5,14,26,4,23,-3,0,-15,30,-20,13,-22,38,27,-25,3,-11
917,-45,-45,-20,-6,-10,62,-17,34,38,18,-27,19,-28,-4,15,27,3,22,-4,0,-14,29,-19,13,-22,38,27,-24,4,-12
918,-44,-45,-21,-6,-9,63,-16,35,38,18,-27,19,-27,-4,14,26,4,22,-3,-1,-14,30,-18,13,-21,37,26,-23,5,-12
919,-43,-45,-22,-6,-10,64,-15,36,38,17,-27,18,-27,-4,14,25,5,23,-3,-1,-13,29,-19,12,-20,37,27,-23,6,-13
920,-44,-44,-21,-7,-11,64,-16,35,39,16,-27,19,-27,-3,14,26,5,22,-3,0,-12,30,-18,11,-20,37,28,-23,5,-14
921,-43,-44,-20,-7,-12,63,-16,34,38,16,-28,19,-28,-3,14,27,4,21,-3,1,-12,30,-18,10,-19,37,28,-23,6,-13
922,-43,-43,-21,-7,-12,62,-15,34,39,16,-28,20,-29,-3,14,26,3,20,-4,0,-11,29,-17,11,-18,37,29,-23,6,-12
923,-43,-42,-21,-7,-12,61,-14,34,40,16,-28,19,-30,-4,15,25,3,19,-3,0,-11,28,-16,10,-19,36,28,-23,7,-12
924,-42,-41,-21,-8,-12,60,-15,35,40,17,-29,20,-30,-3,16,26,4,18,-4,-1,-10,29,-15,11,-20,36,29,-23,8,-11
925,-43,-41,-20,-7,-12,61,-15,36,41,18,-30,21,-29,-2,15,25,5,17,-3,0,-10,28,-16,10,-20,35,28,-23,7,-10
926,-44,-41,-19,-7,-11,62,-14,36,42,19,-31,20,-29,-3,15,26,4,17,-4,1,-10,29,-15,9,-20,34,29,-23,6,-11
927,-45,-42,-20,-8,-12,63,-13,36,42,20,-31,20,-29,-3,16,26,3,16,-3,2,-10,28,-15,10,-19,34,29,-22,7,-10
928,-45,-42,-21,-8,-13,64,-13,35,42,19,-32,21,-29,-4,16,27,3,15,-3,3,-11,28,-16,11,-20,35,29,-22,6,-9
929,-44,-43,-21,-9,-14,65,-12,36,41,19,-33,22,-30,-5,16,28,2,16,-4,3,-10,29,-15,11,-21,35,28,-21,5,-8
930,-43,-43,-22,-8,-15,64,-12,37,40,18,-32,21,-31,-6,15,29,3,17,-5,4,-11,29,-15,10,-20,36,28,-20,6,-7
931,-43,-43,-23,-7,-14,64,-12,36,41,17,-32,21,-30,-7,14,30,3,16,-4,4,-10,30,-16,9,-21,35,28,-21,7,-7
932,-43,-44,-24,-8,-13,63,-13,36,42,18,-31,20,-29,-8,14,29,3,17,-5,4,-11,30,-16,9,-20,36,28,-21,8,-7
933,-43,-43,-25,-7,-14,62,-12,35,41,19,-32,21,-29,-7,15,28,2,18,-4,5,-12,30,-15,9,-19,37,28,-21,8,-7
934,-42,-43,-25,-8,-15,61,-12,35,42,20,-31,20,-28,-6,16,28,2,19,-4,6,-13,30,-14,9,-20,38,29,-20,8,-7
935,-41,-43,-26,-8,-14,62,-13,34,42,21,-30,20,-27,-6,17,28,2,20,-3,7,-14,29,-15,10,-21,38,29,-20,7,-8
936,-42,-44,-26,-8,-15,61,-14,35,42,21,-29,20,-27,-6,18,27,2,21,-3,6,-15,30,-14,10,-20,39,28,-19,7,-7
937,-41,-44,-25,-7,-14,62,-15,35,41,20,-29,21,-28,-7,18,28,1,21,-3,5,-16,30,-15,9,-20,39,28,-18,6,-6
938,-41,-45,-25,-7,-15,63,-14,34,41,21,-30,20,-27,-7,17,28,1,20,-4,6,-16,29,-16,8,-21,38,27,-19,7,-6
939,-42,-44,-26,-7,-15,63,-14,35,41,20,-31,21,-28,-6,16,28,1,21,-5,7,-15,28,-16,7,-22,38,26,-20,8,-5
940,-42,-45,-26,-6,-16,62,-13,34,42,19,-30,21,-29,-6,17,28,1,21,-4,6,-14,28,-15,6,-23,39,25,-21,8,-6
941,-42,-44,-27,-7,-15,63,-13,35,43,20,-29,22,-30,-7,17,29,1,21,-5,6,-14,29,-16,6,-23,40,25,-21,9,-5
942,-43,-45,-28,-8,-16,63,-13,36,44,20,-28,23,-30,-6,16,30,1,20,-6,7,-13,30,-15,5,-22,39,24,-22,9,-4
943,-43,-46,-27,-9,-15,62,-14,35,43,21,-28,23,-29,-6,17,29,1,20,-6,8,-12,29,-15,6,-22,38,25,-23,10,-3
944,-43,-45,-26,-8,-15,62,-15,34,42,22,-29,23,-29,-6,17,28,0,21,-7,9,-12,30,-16,7,-23,38,24,-23,10,-4
945,-44,-44,-27,-7,-15,61,-15,34,42,23,-28,23,-29,-6,16,28,0,20,-7,10,-11,29,-17,7,-22,38,23,-24,11,-3
946,-43,-44,-27,-7,-16,60,-15,33,41,22,-27,22,-30,-5,16,28,0,19,-7,10,-10,30,-16,6,-22,37,24,-25,12,-4
947,-44,-43,-28,-6,-16,60,-16,33,41,23,-27,22,-31,-4,17,29,0,18,-6,9,-9,31,-17,6,-22,37,23,-26,13,-3
948,-43,-42,-29,-6,-16,59,-16,33,42,23,-27,21,-31,-5,16,29,0,18,-6,10,-10,32,-18,7,-21,38,23,-25,13,-3
949,-43,-42,-29,-5,-17,58,-17,33,42,22,-26,22,-32,-5,17,28,-1,19,-7,11,-9,32,-18,8,-21,37,23,-26,14,-3
950,-43,-42,-29,-5,-18,57,-17,33,42,22,-25,21,-31,-5,17,28,0,18,-6,12,-10,33,-19,9,-22,36,23,-26,14,-4
951,-42,-41,-28,-4,-19,57,-18,34,43,22,-25,21,-30,-4,17,28,-1,17,-6,12,-11,34,-19,9,-22,35,24,-25,15,-5
952,-42,-40,-27,-4,-19,58,-18,35,44,22,-25,22,-30,-5,16,27,0,16,-6,11,-11,34,-20,8,-23,34,25,-24,16,-5
953,-42,-40,-28,-4,-18,58,-17,35,44,23,-26,21,-29,-5,17,27,0,16,-5,11,-11,33,-20,8,-22,34,24,-23,17,-4
954,-42,-40,-28,-4,-19,59,-18,36,44,24,-25,21,-28,-4,16,28,1,15,-4,11,-11,32,-19,8,-22,35,25,-23,17,-5
955,-42,-41,-27,-5,-20,60,-17,36,44,24,-25,20,-28,-3,15,27,2,15,-5,10,-11,33,-19,7,-21,36,24,-24,16,-6
956,-41,-41,-27,-4,-20,60,-16,35,44,25,-24,20,-27,-4,15,27,2,15,-6,10,-10,32,-20,8,-20,36,24,-23,17,-5
957,-40,-40,-27,-5,-20,60,-17,36,44,25,-24,19,-27,-3,16,26,2,16,-5,9,-10,31,-19,7,-21,36,24,-23,18,-4
958,-39,-41,-26,-6,-21,60,-18,35,45,26,-23,18,-27,-3,17,25,2,15,-5,9,-10,32,-19,7,-20,37,25,-22,17,-3
959,-40,-42,-27,-7,-20,59,-19,35,45,26,-22,18,-28,-2,16,25,2,14,-5,9,-10,31,-19,8,-19,36,24,-23,16,-3
960,-39,-43,-27,-7,-21,59,-19,34,44,27,-23,19,-28,-1,16,25,1,13,-4,10,-9,30,-20,7,-19,36,23,-22,17,-4
961,-38,-44,-28,-6,-21,58,-19,35,44,27,-23,19,-27,-2,16,26,0,12,-3,9,-8,30,-19,6,-20,37,24,-23,16,-3
962,-39,-44,-27,-5,-22,59,-18,35,43,28,-24,20,-28,-1,16,26,1,12,-4,9,-8,30,-18,5,-19,37,25,-24,15,-3
963,-39,-43,-28,-5,-23,59,-19,35,43,29,-25,21,-27,-1,15,27,0,13,-4,9,-7,30,-18,5,-18,38,26,-23,15,-4
964,-38,-44,-27,-6,-23,59,-18,35,44,29,-26,21,-28,-1,15,28,-1,14,-5,10,-7,30,-17,6,-19,38,26,-24,16,-4
965,-39,-45,-28,-7,-23,58,-18,35,44,28,-25,20,-29,0,16,28,0,14,-5,9,-6,30,-17,7,-20,37,25,-24,16,-4
966,-39,-46,-29,-7,-23,59,-19,34,44,28,-26,21,-30,0,17,28,1,15,-4,10,-5,31,-16,8,-21,36,25,-24,16,-5
967,-38,-46,-30,-7,-23,58,-18,35,44,27,-27,20,-29,0,17,29,2,16,-5,11,-5,32,-16,7,-21,37,26,-23,17,-4
968,-39,-46,-29,-7,-24,59,-19,34,44,28,-27,19,-29,-1,16,30,1,17,-5,11,-4,32,-17,6,-22,38,25,-22,17,-5
969,-40,-45,-28,-8,-23,58,-20,33,45,27,-28,19,-30,-1,15,31,0,16,-4,11,-3,33,-18,6,-21,38,26,-23,16,-6
970,-40,-46,-28,-9,-22,57,-21,32,45,27,-29,18,-29,-2,16,30,-1,16,-3,10,-4,33,-18,7,-20,37,27,-22,15,-7
971,-39,-45,-28,-8,-23,57,-20,31,45,26,-29,18,-28,-2,17,30,-1,17,-2,10,-5,33,-17,6,-20,36,27,-22,15,-7
972,-39,-46,-29,-7,-23,58,-20,31,45,27,-30,17,-28,-3,16,31,-1,18,-1,11,-4,33,-16,6,-21,35,28,-22,16,-7
973,-38,-45,-28,-6,-23,59,-19,31,46,28,-30,17,-29,-2,15,31,-2,18,0,10,-4,34,-17,7,-20,34,27,-21,16,-6
974,-37,-46,-29,-5,-24,60,-20,32,45,28,-30,16,-30,-1,15,30,-3,17,1,10,-3,35,-18,6,-19,35,28,-20,15,-5
975,-37,-45,-30,-6,-25,59,-21,33,44,29,-29,15,-30,-1,14,29,-4,16,2,9,-2,34,-18,7,-19,36,28,-19,14,-5
976,-36,-46,-29,-5,-24,58,-22,33,45,28,-29,14,-29,-1,13,29,-4,16,1,9,-1,33,-17,6,-20,37,29,-19,14,-6
977,-36,-46,-29,-4,-23,57,-22,34,46,29,-30,15,-29,0,13,29,-4,16,1,9,-2,34,-17,7,-21,36,30,-19,14,-7
978,-36,-45,-29,-5,-24,57,-22,35,45,29,-31,16,-29,1,14,29,-5,17,1,9,-1,33,-17,7,-20,36,31,-18,15,-8
979,-37,-46,-30,-4,-24,57,-23,36,46,28,-30,17,-29,1,14,30,-5,16,2,9,-2,33,-16,6,-20,37,30,-18,15,-8
980,-38,-47,-30,-5,-23,57,-22,37,45,28,-30,16,-29,2,13,30,-6,16,3,10,-2,32,-17,7,-21,36,31,-17,15,-9
981,-38,-46,-29,-5,-24,56,-23,37,45,29,-30,17,-29,1,13,30,-7,16,3,11,-2,33,-18,6,-22,36,32,-18,15,-10
982,-39,-45,-28,-6,-25,57,-22,38,44,29,-29,17,-30,0,12,29,-6,15,4,12,-3,33,-17,6,-23,35,33,-17,14,-10
983,-40,-45,-28,-7,-25,57,-21,37,43,28,-30,16,-31,0,11,30,-5,14,4,13,-3,33,-17,7,-22,36,33,-17,15,-10
984,-40,-45,-27,-6,-24,56,-21,38,43,28,-31,16,-30,-1,10,30,-5,15,3,13,-2,34,-17,8,-21,36,34,-17,16,-11
985,-41,-46,-28,-5,-23,57,-22,39,42,28,-30,16,-29,-1,9,30,-5,15,4,14,-3,34,-17,7,-21,36,33,-18,15,-10
986,-42,-47,-28,-4,-23,56,-22,39,43,29,-31,15,-30,-2,9,30,-6,14,3,14,-4,35,-16,7,-21,35,33,-18,16,-11
987,-43,-47,-27,-3,-24,56,-23,39,43,30,-32,16,-30,-1,10,30,-5,15,4,14,-4,35,-16,7,-22,36,32,-17,17,-12
988,-43,-46,-27,-4,-25,57,-23,40,43,31,-33,17,-29,-1,11,29,-6,15,3,14,-5,36,-16,7,-21,35,32,-16,16,-12
989,-44,-45,-28,-5,-25,58,-24,39,44,32,-34,18,-28,-2,12,28,-6,15,4,14,-6,36,-16,6,-22,36,31,-17,16,-12
990,-45,-45,-28,-5,-24,58,-23,40,44,33,-35,17,-29,-1,13,27,-5,16,3,13,-5,35,-16,6,-21,37,30,-16,15,-12
991,-45,-45,-28,-4,-23,58,-22,40,44,32,-35,16,-30,0,14,26,-6,16,3,14,-6,35,-16,7,-20,38,29,-16,14,-11
992,-46,-44,-29,-3,-24,58,-22,41,43,31,-36,15,-29,-1,13,26,-7,16,4,13,-5,35,-17,7,-21,38,30,-17,15,-12
993,-45,-44,-29,-4,-23,58,-23,42,43,31,-37,15,-28,-2,12,26,-7,17,4,14,-5,35,-16,8,-21,37,30,-17,15,-12
994,-45,-43,-29,-5,-22,59,-22,42,43,32,-36,16,-28,-3,13,25,-6,18,4,14,-5,36,-15,9,-21,38,30,-18,14,-13
995,-45,-43,-30,-6,-22,60,-23,41,42,32,-35,16,-28,-3,12,24,-6,19,4,14,-6,37,-15,8,-22,37,31,-17,13,-13
996,-45,-42,-30,-6,-21,59,-23,40,42,31,-35,16,-28,-4,11,25,-5,18,3,14,-6,37,-14,9,-21,37,31,-17,12,-14
997,-46,-43,-31,-5,-21,58,-22,39,41,31,-35,17,-29,-3,11,24,-5,19,4,14,-6,38,-14,10,-22,38,31,-16,12,-15
998,-45,-44,-31,-6,-22,59,-23,38,41,32,-35,17,-29,-2,12,23,-5,19,3,14,-5,39,-13,11,-23,37,31,-15,12,-15
999,-46,-43,-32,-6,-22,60,-22,39,41,31,-34,16,-29,-1,11,23,-5,19,3,15,-5,40,-12,10,-24,38,30,-14,12,-14
1000,-47,-44,-33,-5,-22,60,-22,38,41,31,-34,16,-28,-1,10,22,-4,18,3,14,-4,39,-13,10,-25,38,29,-15,12,-15
